Label,SMILES,,,,,,,,,,,,,,,,,,,,,,,,,,,,,,,
0,COC(=O)N(C)c1c(N)nc(nc1N)c2nn(Cc3ccccc3F)c4ncccc24,,,,,,,,,,,,,,,,,,,,,,,,,,,,,,,
0,C[C@H](N(O)C(=O)N)c1cc2ccccc2s1,,,,,,,,,,,,,,,,,,,,,,,,,,,,,,,
0,C[N+](C)(C)CC(=O)[O-],,,,,,,,,,,,,,,,,,,,,,,,,,,,,,,
1,CC(C)n1c(\C=C\[C@H](O)C[C@H](O)CC(=O)O)c(c2ccc(F)cc2)c3ccccc13,,,,,,,,,,,,,,,,,,,,,,,,,,,,,,,
1,C\C(=C(\C#N)/C(=O)Nc1ccc(cc1)C(F)(F)F)\O,,,,,,,,,,,,,,,,,,,,,,,,,,,,,,,
0,CC(C)c1nc(CN(C)C(=O)N[C@H](CCN2CCOCC2)C(=O)N[C@H](CC[C@H](Cc3ccccc3)NC(=O)OCc4cncs4)Cc5ccccc5)cs1,,,,,,,,,,,,,,,,,,,,,,,,,,,,,,,
0,CCOC(=O)C1=C(C)NC(=C([C@@H]1c2cccc(Cl)c2Cl)C(=O)OC)C,,,,,,,,,,,,,,,,,,,,,,,,,,,,,,,
1,CC(C)NC[C@H](O)COc1ccc(COCCOC(C)C)cc1,,,,,,,,,,,,,,,,,,,,,,,,,,,,,,,
0,COc1c(N2C[C@@H]3CCCN[C@@H]3C2)c(F)cc4C(=O)C(=CN(C5CC5)c14)C(=O)O,,,,,,,,,,,,,,,,,,,,,,,,,,,,,,,
0,Cc1c(C)c2O[C@](C)(COc3ccc(C[C@@H]4SC(=O)NC4=O)cc3)CCc2c(C)c1O,,,,,,,,,,,,,,,,,,,,,,,,,,,,,,,
0,CCN(CC)CC(=O)Nc1c(C)cccc1C,,,,,,,,,,,,,,,,,,,,,,,,,,,,,,,
0,N[C@H](CCCN=C(N)N)C(=O)O,,,,,,,,,,,,,,,,,,,,,,,,,,,,,,,
0,CCCCN1CCCC[C@@H]1C(=O)Nc2c(C)cccc2C,,,,,,,,,,,,,,,,,,,,,,,,,,,,,,,
0,NC(=O)C([C@@H]1CCN(CCc2ccc3OCCc3c2)C1)(c4ccccc4)c5ccccc5,,,,,,,,,,,,,,,,,,,,,,,,,,,,,,,
1,NCCCC[C@H](N[C@@H](CCc1ccccc1)C(=O)O)C(=O)N2CCC[C@H]2C(=O)O,,,,,,,,,,,,,,,,,,,,,,,,,,,,,,,
1,CC(=O)S[C@@H]1CC2=CC(=O)CC[C@]2(C)[C@H]3CC[C@@]4(C)[C@@H](CC[C@@]45CCC(=O)O5)[C@H]13,,,,,,,,,,,,,,,,,,,,,,,,,,,,,,,
0,Cc1c(nn(c2ccc(Cl)cc2Cl)c1c3ccc(Cl)cc3)C(=O)NN4CCCCC4,,,,,,,,,,,,,,,,,,,,,,,,,,,,,,,
0,S=P(N1CC1)(N2CC2)N3CC3,,,,,,,,,,,,,,,,,,,,,,,,,,,,,,,
0,Cc1ccc(cc1)C(=O)c2ccc(CC(=O)[O-])n2C,,,,,,,,,,,,,,,,,,,,,,,,,,,,,,,
0,CCC[C@@H]1C[C@H](N(C)C1)C(=O)N[C@H]([C@H](C)Cl)[C@@H]2O[C@H](SC)[C@H](OP(=O)(O)O)[C@H](O)[C@@H]2O,,,,,,,,,,,,,,,,,,,,,,,,,,,,,,,
0,N[C@H](CCC(=O)N)C(=O)O,,,,,,,,,,,,,,,,,,,,,,,,,,,,,,,
0,C[C@@H]1C[C@@H]2[C@@H]3CCC4=CC(=O)C=C[C@@]4(C)[C@@]3(Cl)[C@H](O)C[C@@]2(C)[C@@]1(OC(=O)c5occc5)C(=O)CCl,,,,,,,,,,,,,,,,,,,,,,,,,,,,,,,
0,CCC[C@@H]1C[C@H](N(C)C1)C(=O)N[C@H]([C@H](C)Cl)[C@@H]2O[C@H](SC)[C@H](O)[C@H](O)[C@@H]2O,,,,,,,,,,,,,,,,,,,,,,,,,,,,,,,
0,CN1CC[C@]23[C@@H]4Oc5c(O)ccc(C[C@@H]1[C@@]2(O)CCC4=O)c35,,,,,,,,,,,,,,,,,,,,,,,,,,,,,,,
0,Cc1cn[nH]c1,,,,,,,,,,,,,,,,,,,,,,,,,,,,,,,
0,Clc1ccc([C@@H]2CS\C(=C(\C#N)/n3ccnc3)\S2)c(Cl)c1,,,,,,,,,,,,,,,,,,,,,,,,,,,,,,,
0,CCc1cc2CC(Cc2cc1CC)NC[C@H](O)c3ccc(O)c4NC(=O)C=Cc34,,,,,,,,,,,,,,,,,,,,,,,,,,,,,,,
0,CCOc1nc2cccc(C(=O)O[C@H](C)OC(=O)OC3CCCCC3)c2n1Cc4ccc(cc4)c5ccccc5c6nn[nH]n6,,,,,,,,,,,,,,,,,,,,,,,,,,,,,,,
0,CC1=CC(=O)N(O)C(=C1)C2CCCCC2,,,,,,,,,,,,,,,,,,,,,,,,,,,,,,,
1,Nc1ccc(O)c(c1)C(=O)O,,,,,,,,,,,,,,,,,,,,,,,,,,,,,,,
1,C[C@@H]1Cc2ccccc2N1NC(=O)c3ccc(Cl)c(c3)S(=O)(=O)N,,,,,,,,,,,,,,,,,,,,,,,,,,,,,,,
1,CN[C@H]1[C@H](O)[C@@H](O)[C@H](CO)O[C@H]1O[C@H]2[C@H](O[C@H]3[C@H](O)[C@@H](O)[C@H](N=C(N)N)[C@@H](O)[C@@H]3N=C(N)N)O[C@@H](C)[C@]2(O)C=O,,,,,,,,,,,,,,,,,,,,,,,,,,,,,,,
0,Cc1onc(c1)C(=O)NNCc2ccccc2,,,,,,,,,,,,,,,,,,,,,,,,,,,,,,,
0,NC12CC3CC(CC(C3)C1)C2,,,,,,,,,,,,,,,,,,,,,,,,,,,,,,,
0,CCc1cccc2c3CCO[C@](CC)(CC(=O)O)c3[nH]c12,,,,,,,,,,,,,,,,,,,,,,,,,,,,,,,
0,CC(=O)OCC(=O)[C@]12OC(C)(C)O[C@@H]1C[C@@H]3[C@@H]4C[C@H](F)C5=CC(=O)C=C[C@@]5(C)[C@@]4(F)[C@H](O)C[C@]23C,,,,,,,,,,,,,,,,,,,,,,,,,,,,,,,
1,C[C@@H]1[C@H]2[C@H]([O-])[C@H]3[C@H](N(C)C)C(=O)C(=C([O-])[C@@]3(O)C(=O)C2=C([O-])c4c([O-])cccc14)C(=O)N,,,,,,,,,,,,,,,,,,,,,,,,,,,,,,,
0,CC[C@@]12C=CCN3CC[C@@]4([C@H]13)[C@@H](N(C)c5cc(OC)c(cc45)[C@]6(C[C@@H]7C[C@@H](CN(C7)Cc8c6[nH]c9ccccc89)C(C)(F)F)C(=O)OC)[C@](O)([C@@H]2OC(=O)C)C(=O)OC,,,,,,,,,,,,,,,,,,,,,,,,,,,,,,,
0,C[C@]12CC[C@@H]3[C@@H](CC[C@H]4NC(=O)C=C[C@]34C)[C@@H]1CC[C@@H]2C(=O)Nc5cc(ccc5C(F)(F)F)C(F)(F)F,,,,,,,,,,,,,,,,,,,,,,,,,,,,,,,
0,OC(=O)CC(O)(CC(=O)O)C(=O)O,,,,,,,,,,,,,,,,,,,,,,,,,,,,,,,
0,CCCCC(=O)O[C@@]1([C@@H](C)C[C@H]2[C@@H]3CCC4=CC(=O)C=C[C@]4(C)[C@@]3(F)[C@@H](O)C[C@]12C)C(=O)CO,,,,,,,,,,,,,,,,,,,,,,,,,,,,,,,
1,COc1cc(C)c(\C=C\C(=C\C=C\C(=C\C(=O)O)\C)\C)c(C)c1C,,,,,,,,,,,,,,,,,,,,,,,,,,,,,,,
1,Cc1cccc(Nc2ccccc2C(=O)O)c1C,,,,,,,,,,,,,,,,,,,,,,,,,,,,,,,
1,CCC1(C(=O)NCNC1=O)c2ccccc2,,,,,,,,,,,,,,,,,,,,,,,,,,,,,,,
0,C\C=C(\C)/C(=O)O[C@H]1C(=C[C@@]23[C@H](C)C[C@@H]4[C@H]([C@H](C=C(CO)[C@@H](O)[C@]12O)C3=O)C4(C)C)C,,,,,,,,,,,,,,,,,,,,,,,,,,,,,,,
1,CC(C)(C)NC(=O)[C@@H]1C[C@H]2CCCC[C@H]2CN1C[C@@H](O)[C@H](Cc3ccccc3)NC(=O)[C@H](CC(=O)N)NC(=O)c4ccc5ccccc5n4,,,,,,,,,,,,,,,,,,,,,,,,,,,,,,,
0,CC#CCn1c(nc2N(C)C(=O)N(Cc3nc(C)c4ccccc4n3)C(=O)c12)N5CCC[C@@H](N)C5,,,,,,,,,,,,,,,,,,,,,,,,,,,,,,,
0,Brc1c(NC2=NCCN2)ccc3nccnc13,,,,,,,,,,,,,,,,,,,,,,,,,,,,,,,
0,CCNC(=O)N(CCCN(C)C)C(=O)[C@@H]1C[C@@H]2[C@H](Cc3c[nH]c4cccc2c34)N(CC=C)C1,,,,,,,,,,,,,,,,,,,,,,,,,,,,,,,
0,O=C1N(C[C@@H]2CCCc3cccc1c23)[C@@H]4CN5CCC4CC5,,,,,,,,,,,,,,,,,,,,,,,,,,,,,,,
0,CCCCc1ncc(\C=C(/Cc2cccs2)\C(=O)O)n1Cc3ccc(cc3)C(=O)O,,,,,,,,,,,,,,,,,,,,,,,,,,,,,,,
0,COC(=O)C1=C(C)NC(=C(C1c2ccccc2[N+](=O)[O-])C(=O)OC)C,,,,,,,,,,,,,,,,,,,,,,,,,,,,,,,
0,C[C@@H]1[C@H](NC(=O)\C(=N\OC(C)(C)C(=O)O)\c2csc(N)n2)C(=O)N1S(=O)(=O)O,,,,,,,,,,,,,,,,,,,,,,,,,,,,,,,
0,C[N+]1(C)[C@@H]2CC(C[C@@H]1[C@H]3O[C@@H]23)OC(=O)C(O)(c4cccs4)c5cccs5,,,,,,,,,,,,,,,,,,,,,,,,,,,,,,,
0,CN\C(=C/[N+](=O)[O-])\NCCSCc1oc(CN(C)C)cc1,,,,,,,,,,,,,,,,,,,,,,,,,,,,,,,
0,C[C@H](\C=C\[C@H](C)C(C)(C)O)[C@H]1CC[C@H]2\C(=C\C=C3C[C@@H](O)C[C@H](O)C3)\CCC[C@]12C,,,,,,,,,,,,,,,,,,,,,,,,,,,,,,,
0,CCC[C@](C)(COC(=O)N)COC(=O)NC(C)C,,,,,,,,,,,,,,,,,,,,,,,,,,,,,,,
0,CCOC(=O)c1ncn2c1CN(C)C(=O)c3cc(F)ccc23,,,,,,,,,,,,,,,,,,,,,,,,,,,,,,,
0,CC1(C)O[C@@H]2C[C@H]3[C@@H]4CCC5=CC(=O)C=C[C@]5(C)[C@@]4(F)[C@@H](O)C[C@]3(C)[C@@]2(O1)C(=O)CO,,,,,,,,,,,,,,,,,,,,,,,,,,,,,,,
0,O[C@@H]1CO[C@@H](O[C@@H]2CO[C@@H](O)[C@H](OS(=O)(=O)O)[C@H]2OS(=O)(=O)O)[C@H](OS(=O)(=O)O)[C@H]1OS(=O)(=O)O,,,,,,,,,,,,,,,,,,,,,,,,,,,,,,,
1,CCN[C@@H]1C[C@H](C)S(=O)(=O)c2sc(cc12)S(=O)(=O)N,,,,,,,,,,,,,,,,,,,,,,,,,,,,,,,
0,CN(C)C(=O)C(CC[NH+]1CCC(O)(CC1)c2ccc(Cl)cc2)(c3ccccc3)c4ccccc4,,,,,,,,,,,,,,,,,,,,,,,,,,,,,,,
0,CC(C)(C)NC[C@H](O)c1ccc(O)c(CO)c1,,,,,,,,,,,,,,,,,,,,,,,,,,,,,,,
0,CNC(=O)c1ccc(cc1F)N2C(=S)N(C(=O)C2(C)C)c3ccc(C#N)c(c3)C(F)(F)F,,,,,,,,,,,,,,,,,,,,,,,,,,,,,,,
0,Clc1ccc([C@H](Cn2ccnc2)OCc3csc4c(Cl)cccc34)c(Cl)c1,,,,,,,,,,,,,,,,,,,,,,,,,,,,,,,
0,COC(=O)CCC(=O)CN,,,,,,,,,,,,,,,,,,,,,,,,,,,,,,,
0,COc1cc2nc(nc(N)c2cc1OC)N3CCN(CC3)C(=O)c4occc4,,,,,,,,,,,,,,,,,,,,,,,,,,,,,,,
0,NC(=O)N[C@@H](CCC(=O)O)C(=O)O,,,,,,,,,,,,,,,,,,,,,,,,,,,,,,,
1,CCN1C(=O)N[C@H](C1=O)c2ccccc2,,,,,,,,,,,,,,,,,,,,,,,,,,,,,,,
0,C[C@@H]1C[C@H]2[C@H]3CCC4=CC(=O)C=C[C@]4(C)[C@@]3(Cl)[C@@H](O)C[C@]2(C)[C@@]1(O)C(=O)CCl,,,,,,,,,,,,,,,,,,,,,,,,,,,,,,,
1,NC1=NC(=O)N(C=C1F)[C@@H]2CS[C@H](CO)O2,,,,,,,,,,,,,,,,,,,,,,,,,,,,,,,
0,CCCNS(=O)(=O)Nc1ncnc(OCCOc2ncc(Br)cn2)c1c3ccc(Br)cc3,,,,,,,,,,,,,,,,,,,,,,,,,,,,,,,
0,CCN1CCC[C@@H]1CNC(=O)c2cc(c(N)cc2OC)S(=O)(=O)CC,,,,,,,,,,,,,,,,,,,,,,,,,,,,,,,
0,CCC(=O)O[C@@]1([C@H](C)C[C@@H]2[C@@H]3CCC4=CC(=O)C=C[C@@]4(C)[C@@]3(F)[C@H](O)C[C@]12C)C(=O)CCl,,,,,,,,,,,,,,,,,,,,,,,,,,,,,,,
0,CCOC(=O)O[C@@]1(CC[C@@H]2[C@H]3CCC4=CC(=O)C=C[C@]4(C)[C@@H]3[C@@H](O)C[C@]12C)C(=O)OCCl,,,,,,,,,,,,,,,,,,,,,,,,,,,,,,,
1,COc1ccc2nccc([C@H](O)[C@H]3C[C@@H]4CCN3C[C@@H]4C=C)c2c1,,,,,,,,,,,,,,,,,,,,,,,,,,,,,,,
0,OC(=O)CCCCCCCC(=O)O,,,,,,,,,,,,,,,,,,,,,,,,,,,,,,,
1,CC[C@H](C)C(=O)O[C@@H]1C[C@H](C)C=C2C=C[C@H](C)[C@H](CC[C@@H]3C[C@H](O)CC(=O)O3)[C@H]12,,,,,,,,,,,,,,,,,,,,,,,,,,,,,,,
0,COc1cc(cc(OC)c1O)c2[o+]c3cc(O)cc(O)c3cc2O,,,,,,,,,,,,,,,,,,,,,,,,,,,,,,,
0,C[C@@H](NCCCc1cccc(c1)C(F)(F)F)c2cccc3ccccc23,,,,,,,,,,,,,,,,,,,,,,,,,,,,,,,
0,CC(C)NC[C@H](O)c1cc(O)cc(O)c1,,,,,,,,,,,,,,,,,,,,,,,,,,,,,,,
0,CNCCC=C1c2ccccc2CCc3ccccc13,,,,,,,,,,,,,,,,,,,,,,,,,,,,,,,
0,Cc1ccc(cc1)S(=O)(=O)NC(=O)NN2C[C@H]3CCC[C@H]3C2,,,,,,,,,,,,,,,,,,,,,,,,,,,,,,,
0,NC(=O)CS(=O)C(c1ccccc1)c2ccccc2,,,,,,,,,,,,,,,,,,,,,,,,,,,,,,,
0,CC(C)OC(=O)[C@H](C)N[P@](=O)(OC[C@H]1O[C@@H](N2C=CC(=O)NC2=O)[C@](C)(F)[C@@H]1O)Oc3ccccc3,,,,,,,,,,,,,,,,,,,,,,,,,,,,,,,
0,NCC1CCC(CC1)C(=O)O,,,,,,,,,,,,,,,,,,,,,,,,,,,,,,,
0,CCO\N=C(/C(=O)N[C@H]1[C@H]2SCC(=C(N2C1=O)C(=O)O)Sc3nc(cs3)c4cc[n+](C)cc4)\c5nsc(NP(=O)(O)[O-])n5,,,,,,,,,,,,,,,,,,,,,,,,,,,,,,,
0,OC(Cc1cccnc1)(P(=O)(O)O)P(=O)(O)O,,,,,,,,,,,,,,,,,,,,,,,,,,,,,,,
1,CC(C)NC[C@H](O)COc1cccc2ccccc12,,,,,,,,,,,,,,,,,,,,,,,,,,,,,,,
1,CN(C)[C@H]1[C@@H]2C[C@@H]3Cc4c(ccc(O)c4C(=C3C(=O)[C@]2(O)C(=C(C(=O)N)C1=O)O)O)N(C)C,,,,,,,,,,,,,,,,,,,,,,,,,,,,,,,
1,OC(=O)Cc1ccccc1Nc2c(Cl)cccc2Cl,,,,,,,,,,,,,,,,,,,,,,,,,,,,,,,
1,CC[C@]1(C)CC(=O)NC1=O,,,,,,,,,,,,,,,,,,,,,,,,,,,,,,,
0,CCc1ccc(CCOc2ccc(C[C@@H]3SC(=O)NC3=O)cc2)nc1,,,,,,,,,,,,,,,,,,,,,,,,,,,,,,,
0,C[C@@H]1CNCCc2ccc(Cl)cc12,,,,,,,,,,,,,,,,,,,,,,,,,,,,,,,
0,C[C@@H]1C[C@@H]2[C@@H]3CCC4=CC(=O)C=C[C@@]4(C)[C@@]3(Cl)[C@H](O)C[C@@]2(C)[C@@]1(O)C(=O)CO,,,,,,,,,,,,,,,,,,,,,,,,,,,,,,,
0,Cc1onc(c1C(=O)N[C@@H]2[C@@H]3SC(C)(C)[C@H](N3C2=O)C(=O)[O-])c4c(Cl)cccc4Cl,,,,,,,,,,,,,,,,,,,,,,,,,,,,,,,
0,Clc1ccc2C(=C3CCNCC3)c4ncccc4CCc2c1,,,,,,,,,,,,,,,,,,,,,,,,,,,,,,,
0,C[C@@H]1CN(CC[C@@]1(C(=O)O)c2ccccc2)C3CCC(CC3)(C#N)c4ccc(F)cc4,,,,,,,,,,,,,,,,,,,,,,,,,,,,,,,
0,OCc1cc(ccc1O)[C@H](O)CNCCCCCCOCCCCc2ccccc2,,,,,,,,,,,,,,,,,,,,,,,,,,,,,,,
0,C[C@@]1(COc2ccc(cc2)N3CCC(CC3)Oc4ccc(OC(F)(F)F)cc4)Cn5cc(nc5O1)[N+](=O)[O-],,,,,,,,,,,,,,,,,,,,,,,,,,,,,,,
1,Cc1c(OCC(F)(F)F)ccnc1CS(=O)c2nc3ccccc3[nH]2,,,,,,,,,,,,,,,,,,,,,,,,,,,,,,,
0,CC(C)OC(=O)CCC\C=C\C[C@@H]1[C@H](O)C[C@H](O)[C@@H]1CC[C@H](O)CCc2ccccc2,,,,,,,,,,,,,,,,,,,,,,,,,,,,,,,
1,CC(C)NC[C@H](O)COc1cccc2[nH]ccc12,,,,,,,,,,,,,,,,,,,,,,,,,,,,,,,
0,CC(=O)N[C@@H]1[C@H](OC(=C[C@@H]1N=C(N)N)C(=O)O)[C@H](O)[C@H](O)CO,,,,,,,,,,,,,,,,,,,,,,,,,,,,,,,
0,CN1C(=O)[C@H](O)N=C(c2ccccc2)c3cc(Cl)ccc13,,,,,,,,,,,,,,,,,,,,,,,,,,,,,,,
0,OCCOc1ccc(cc1)\C(=C(/CCCl)\c2ccccc2)\c3ccccc3,,,,,,,,,,,,,,,,,,,,,,,,,,,,,,,
1,C[C@@](Cc1ccc(O)c(O)c1)(NN)C(=O)O,,,,,,,,,,,,,,,,,,,,,,,,,,,,,,,
1,OC(=O)c1cc(ccc1O)\N=N\c2ccc(cc2)S(=O)(=O)Nc3ccccn3,,,,,,,,,,,,,,,,,,,,,,,,,,,,,,,
1,CCC(=O)O[C@H](O[P@](=O)(CCCCc1ccccc1)CC(=O)N2C[C@H](C[C@@H]2C(=O)[O-])C3CCCCC3)C(C)C,,,,,,,,,,,,,,,,,,,,,,,,,,,,,,,
1,OCCN1CCN(CCCN2c3ccccc3Sc4ccc(Cl)cc24)CC1,,,,,,,,,,,,,,,,,,,,,,,,,,,,,,,
0,CC[C@H](CO)NC(=O)[C@@H]1CN(C)[C@@H]2Cc3c[nH]c4cccc(C2=C1)c34,,,,,,,,,,,,,,,,,,,,,,,,,,,,,,,
0,CCCCC(C)(C)[C@H](O)\C=C\[C@@H]1[C@H](O)CC(=O)[C@@H]1CCCC\C=C\C(=O)OC,,,,,,,,,,,,,,,,,,,,,,,,,,,,,,,
0,[O-][N+](=O)c1ccc2NC(=O)CN=C(c3ccccc3Cl)c2c1,,,,,,,,,,,,,,,,,,,,,,,,,,,,,,,
0,CC1(C)N=C(N)N=C(N)N1OCCCOc2cc(Cl)c(Cl)cc2Cl,,,,,,,,,,,,,,,,,,,,,,,,,,,,,,,
1,Nc1nnc(c(N)n1)c2cccc(Cl)c2Cl,,,,,,,,,,,,,,,,,,,,,,,,,,,,,,,
0,CO[C@@H]1O[C@@H](COS(=O)(=O)O)[C@H](O[C@@H]2O[C@@H]([C@H](OC)[C@@H](O)[C@@H]2OS(=O)(=O)O)C(=O)[O-])[C@@H]([O-])[C@@H]1NOS(=O)(=O)O,,,,,,,,,,,,,,,,,,,,,,,,,,,,,,,
0,CCCCC[C@H](O)\C=C\[C@@H]1[C@H](O)CC(=O)[C@@H]1C\C=C\CCCC(=O)O,,,,,,,,,,,,,,,,,,,,,,,,,,,,,,,
0,CC(=O)[C@@]1(O)CC[C@H]2[C@@H]3C=C(C)C4=CC(=O)CC[C@]4(C)[C@H]3CC[C@]12C,,,,,,,,,,,,,,,,,,,,,,,,,,,,,,,
0,NCC(=O)O,,,,,,,,,,,,,,,,,,,,,,,,,,,,,,,
0,C[C@]12CC[C@H]3[C@@H](CC=C4C[C@@H](O)CC[C@]34C)[C@@H]1CC=C2c5cccnc5,,,,,,,,,,,,,,,,,,,,,,,,,,,,,,,
0,Cc1ncc[nH]1,,,,,,,,,,,,,,,,,,,,,,,,,,,,,,,
1,CN1CCC[C@@H]1Cc2c[nH]c3ccc(CCS(=O)(=O)c4ccccc4)cc23,,,,,,,,,,,,,,,,,,,,,,,,,,,,,,,
0,[O-]C(=O)CN(CCN(CC(=O)[O-])CC(=O)[O-])CCN(CC(=O)[O-])[C@H](COCc1ccccc1)C(=O)[O-],,,,,,,,,,,,,,,,,,,,,,,,,,,,,,,
1,N[C@@H](Cc1ccc(O)cc1)C(=O)O,,,,,,,,,,,,,,,,,,,,,,,,,,,,,,,
0,CC(C)(C)NC[C@H](O)COc1cccc2C[C@H](O)[C@H](O)Cc12,,,,,,,,,,,,,,,,,,,,,,,,,,,,,,,
0,CO[C@H]1\C=C/O[C@@]2(C)Oc3c(C)c(O)c4c(O)c(NC(=O)\C(=C\C=C\[C@H](C)[C@H](O)[C@@H](C)[C@@H](O)[C@@H](C)[C@H](OC(=O)C)[C@@H]1C)\C)c5c(nc6cc(C)ccn56)c4c3C2=O,,,,,,,,,,,,,,,,,,,,,,,,,,,,,,,
0,CC(C)(C)c1cc(c(NC(=O)C2=CNc3ccccc3C2=O)cc1O)C(C)(C)C,,,,,,,,,,,,,,,,,,,,,,,,,,,,,,,
0,OC[C@H]1O[C@H](O[C@]2(CO)O[C@H](CO)[C@@H](O)[C@@H]2O)[C@H](O)[C@@H](O)[C@@H]1O,,,,,,,,,,,,,,,,,,,,,,,,,,,,,,,
0,Clc1ccc(CO[C@H](Cn2ccnc2)c3ccc(Cl)cc3Cl)c(Cl)c1,,,,,,,,,,,,,,,,,,,,,,,,,,,,,,,
0,CC(C)COC[C@H](CN(Cc1ccccc1)c2ccccc2)N3CCCC3,,,,,,,,,,,,,,,,,,,,,,,,,,,,,,,
0,CN1C(=O)CN=C(c2ccccc2F)c3cc(ccc13)[N+](=O)[O-],,,,,,,,,,,,,,,,,,,,,,,,,,,,,,,
1,C[C@@H]1CN(C[C@H](C)N1)c2c(F)c(N)c3C(=O)C(=CN(C4CC4)c3c2F)C(=O)O,,,,,,,,,,,,,,,,,,,,,,,,,,,,,,,
0,CCC(=O)O[C@@]1([C@@H](C)C[C@H]2[C@@H]3CCC4=CC(=O)C=C[C@]4(C)[C@@]3(Cl)[C@@H](O)C[C@]12C)C(=O)CO,,,,,,,,,,,,,,,,,,,,,,,,,,,,,,,
0,O[C@H]1O[C@H](COS(=O)(=O)O)[C@@H](O[C@@H]2O[C@H]([C@@H](O)[C@H](O)[C@H]2OS(=O)(=O)O)C(=O)O)[C@H](O)[C@H]1NS(=O)(=O)O,,,,,,,,,,,,,,,,,,,,,,,,,,,,,,,
1,CN1C(=O)C(=C(N=C1C(C)(C)NC(=O)c2oc(C)nn2)C(=O)NCc3ccc(F)cc3)[O-],,,,,,,,,,,,,,,,,,,,,,,,,,,,,,,
1,OC(=O)[C@@H]1C[C@H](CN1C(=O)CP(=O)(O)CCCCc2ccccc2)C3CCCCC3,,,,,,,,,,,,,,,,,,,,,,,,,,,,,,,
1,CCCC(CCC)C(=O)O,,,,,,,,,,,,,,,,,,,,,,,,,,,,,,,
1,CC(C)CN(C[C@@H](O)[C@H](Cc1ccccc1)NC(=O)O[C@H]2CO[C@H]3OCC[C@@H]23)S(=O)(=O)c4ccc(N)cc4,,,,,,,,,,,,,,,,,,,,,,,,,,,,,,,
0,CC(C)(Oc1ccc(cc1)C(=O)c2ccc(Cl)cc2)C(=O)O,,,,,,,,,,,,,,,,,,,,,,,,,,,,,,,
0,OCCOC[C@H]1O[C@H](OCCO)[C@H](OCCO)[C@@H](OCCO)[C@@H]1OCCO,,,,,,,,,,,,,,,,,,,,,,,,,,,,,,,
0,COc1ccc2C[C@@H]3[C@@H]4CCCC[C@@]4(CCN3C)c2c1,,,,,,,,,,,,,,,,,,,,,,,,,,,,,,,
0,CCN(CC)CCNC(=O)c1cc(Cl)c(N)cc1OC,,,,,,,,,,,,,,,,,,,,,,,,,,,,,,,
0,FC(F)O[C@H](Cl)C(F)(F)F,,,,,,,,,,,,,,,,,,,,,,,,,,,,,,,
0,O=C1[C@@H]2[C@H]3CC[C@H](C3)[C@@H]2C(=O)N1C[C@@H]4CCCC[C@H]4CN5CCN(CC5)c6nsc7ccccc67,,,,,,,,,,,,,,,,,,,,,,,,,,,,,,,
0,C[C@H](CCCC(C)(C)O)[C@@H]1CC[C@@H]2\C(=C\C=C/3\C([C@H](C[C@H](C3)O)O)=C)\CCC[C@]12C,,,,,,,,,,,,,,,,,,,,,,,,,,,,,,,
0,[O-][N+](=O)OCC(CO[N+](=O)[O-])O[N+](=O)[O-],,,,,,,,,,,,,,,,,,,,,,,,,,,,,,,
0,C[C@@H]1CC[C@@]23CCC(=O)[C@H]2[C@]1(C)[C@@H](C[C@@](C)(C=C)[C@@H](O)[C@@H]3C)OC(=O)CSC4C[C@H]5CC[C@@H](C4)N5C,,,,,,,,,,,,,,,,,,,,,,,,,,,,,,,
0,O=C(CCCc1ccccc1)OCC(COC(=O)CCCc2ccccc2)OC(=O)CCCc3ccccc3,,,,,,,,,,,,,,,,,,,,,,,,,,,,,,,
0,NCCCC(O)(P(=O)(O)O)P(=O)(O)O,,,,,,,,,,,,,,,,,,,,,,,,,,,,,,,
0,CN1[C@@H]2CC[C@@H]1CC(C2)OC(=O)c3c[nH]c4ccccc34,,,,,,,,,,,,,,,,,,,,,,,,,,,,,,,
0,COC[C@@H](NC(=O)C)C(=O)NCc1ccccc1,,,,,,,,,,,,,,,,,,,,,,,,,,,,,,,
0,CC(=O)[C@@H]1CC[C@@H]2[C@@H]3CCC4=CC(=O)CC[C@@]4(C)[C@@H]3CC[C@]12C,,,,,,,,,,,,,,,,,,,,,,,,,,,,,,,
1,[NH-][C@@H]1CCCC[C@@H]1[NH-],,,,,,,,,,,,,,,,,,,,,,,,,,,,,,,
0,CCCCC(=O)O[C@@]1(CC[C@@H]2[C@H]3CCC4=CC(=O)CC[C@@]4(C)[C@@H]3[C@H](O)C[C@]12C)C(=O)CO,,,,,,,,,,,,,,,,,,,,,,,,,,,,,,,
0,CCNC(=O)CCC\C=C\C[C@H]1[C@@H](O)C[C@@H](O)[C@@H]1\C=C\[C@@H](O)CCc2ccccc2,,,,,,,,,,,,,,,,,,,,,,,,,,,,,,,
0,CC(C)(C(=O)c1cccnc1)c2cccnc2,,,,,,,,,,,,,,,,,,,,,,,,,,,,,,,
0,OC[C@H]1O[C@H]([C@H](O)[C@@H](O)[C@@H]1O)c2ccc(Cl)c(Cc3ccc(O[C@H]4CCOC4)cc3)c2,,,,,,,,,,,,,,,,,,,,,,,,,,,,,,,
0,COc1ccc2c(c1)c(CC(=O)O)c(C)n2C(=O)c3ccc(Cl)cc3,,,,,,,,,,,,,,,,,,,,,,,,,,,,,,,
0,CCCCCCCN(CC)CCC[C@H](O)c1ccc(NS(=O)(=O)C)cc1,,,,,,,,,,,,,,,,,,,,,,,,,,,,,,,
0,CCCCCCCC(=O)CC[C@@H]1[C@H](O)C[C@H](O)[C@@H]1C\C=C\CCCC(=O)O,,,,,,,,,,,,,,,,,,,,,,,,,,,,,,,
0,OC(=O)C(=O)Nc1cc(cc(NC(=O)C(=O)O)c1Cl)C#N,,,,,,,,,,,,,,,,,,,,,,,,,,,,,,,
0,CCOC(=O)N1CCC(=C2c3ccc(Cl)cc3CCc4cccnc24)CC1,,,,,,,,,,,,,,,,,,,,,,,,,,,,,,,
1,COc1cccc(c1)[C@]2(O)CCCC[C@@H]2CN(C)C,,,,,,,,,,,,,,,,,,,,,,,,,,,,,,,
0,CCOP(=O)(OCC)[C@H](C)NC(=O)N(CCCl)N=O,,,,,,,,,,,,,,,,,,,,,,,,,,,,,,,
1,NS(=O)(=O)Cc1noc2ccccc12,,,,,,,,,,,,,,,,,,,,,,,,,,,,,,,
0,CC(C)OC(=O)CCC\C=C\C[C@H]1[C@H](O)C[C@@H](O)[C@@H]1\C=C\C(F)(F)COc2ccccc2,,,,,,,,,,,,,,,,,,,,,,,,,,,,,,,
0,N#Cc1ccc(cc1)C(c2ccc(cc2)C#N)n3cncn3,,,,,,,,,,,,,,,,,,,,,,,,,,,,,,,
0,OP(=O)([O-])[O-],,,,,,,,,,,,,,,,,,,,,,,,,,,,,,,
0,COCC1=C(N2[C@H](SC1)[C@H](NC(=O)\C(=N\OC)\c3csc(N)n3)C2=O)C(=O)O,,,,,,,,,,,,,,,,,,,,,,,,,,,,,,,
0,Oc1ccc2c(Oc3cc(O)ccc3C24OC(=O)c5ccccc45)c1,,,,,,,,,,,,,,,,,,,,,,,,,,,,,,,
0,Cc1ccc(C)c(OCCCC(C)(C)C(=O)O)c1,,,,,,,,,,,,,,,,,,,,,,,,,,,,,,,
0,OC(=O)c1cc(ccc1O)c2ccc(F)cc2F,,,,,,,,,,,,,,,,,,,,,,,,,,,,,,,
0,CC(C)Cc1ccc(cc1)[C@H](C)C(=O)O,,,,,,,,,,,,,,,,,,,,,,,,,,,,,,,
0,C[C@@H]1CCN([C@H](C1)C(=O)O)C(=O)[C@H](CCCN=C(N)N)NS(=O)(=O)c2cccc3C[C@H](C)CNc23,,,,,,,,,,,,,,,,,,,,,,,,,,,,,,,
0,C[C@]12CC[C@@H]3[C@H](CCc4cc(O)ccc34)[C@@H]1CC[C@@H]2O,,,,,,,,,,,,,,,,,,,,,,,,,,,,,,,
1,CC(=O)NS(=O)(=O)c1ccc(N)cc1,,,,,,,,,,,,,,,,,,,,,,,,,,,,,,,
0,CC(C)(C(=O)O)c1ccc(cc1)[C@H](O)CCCN2CCC(CC2)C(O)(c3ccccc3)c4ccccc4,,,,,,,,,,,,,,,,,,,,,,,,,,,,,,,
0,CN(C)C[C@H](c1ccc(O)cc1)C2(O)CCCCC2,,,,,,,,,,,,,,,,,,,,,,,,,,,,,,,
0,NCC(=O)CCC(=O)O,,,,,,,,,,,,,,,,,,,,,,,,,,,,,,,
0,CC(C)N1CCN(CC1)c2ccc(OC[C@@H]3CO[C@](Cn4cncn4)(O3)c5ccc(Cl)cc5Cl)cc2,,,,,,,,,,,,,,,,,,,,,,,,,,,,,,,
0,Clc1cccc(c1)N2CCN(CCCN3N=C4C=CC=CN4C3=O)CC2,,,,,,,,,,,,,,,,,,,,,,,,,,,,,,,
0,O[C@H](CC=O)C=O,,,,,,,,,,,,,,,,,,,,,,,,,,,,,,,
1,CCOC(=O)[C@H](CCc1ccccc1)N[C@H](C)C(=O)N2CCC[C@@H]2C(=O)O,,,,,,,,,,,,,,,,,,,,,,,,,,,,,,,
1,C[C@H](N[C@@H](CCc1ccccc1)C(=O)O)C(=O)N2[C@H]3CCC[C@H]3C[C@H]2C(=O)O,,,,,,,,,,,,,,,,,,,,,,,,,,,,,,,
0,Nc1nc(cs1)\C(=C/CC(=O)O)\C(=O)N[C@@H]2[C@@H]3SCC=C(N3C2=O)C(=O)O,,,,,,,,,,,,,,,,,,,,,,,,,,,,,,,
1,Nc1nc(F)nc2c1ncn2[C@@H]3O[C@H](COP(=O)(O)O)[C@H](O)[C@@H]3O,,,,,,,,,,,,,,,,,,,,,,,,,,,,,,,
0,CN(CCOc1ccc(NS(=O)(=O)C)cc1)CCc2ccc(NS(=O)(=O)C)cc2,,,,,,,,,,,,,,,,,,,,,,,,,,,,,,,
0,COC(=O)C1=C(C)NC(=C([C@@H]1c2ccccc2[N+](=O)[O-])C(=O)OCC(C)C)C,,,,,,,,,,,,,,,,,,,,,,,,,,,,,,,
0,CCCCCCC(C)(C)c1cc(O)c2[C@@H]3CC(=O)CC[C@@H]3C(C)(C)Oc2c1,,,,,,,,,,,,,,,,,,,,,,,,,,,,,,,
0,COC(=O)C1=C(C)NC(=C([C@@H]1c2cccc(c2)[N+](=O)[O-])C(=O)OCC[N@H+](C)Cc3ccccc3)C,,,,,,,,,,,,,,,,,,,,,,,,,,,,,,,
0,[O-]C(=O)P(=O)([O-])[O-],,,,,,,,,,,,,,,,,,,,,,,,,,,,,,,
0,CC(=O)O[C@H]1[C@H](C[C@@H]2[C@@H]3CC[C@@H]4C[C@H](O)[C@H](C[C@]4(C)[C@@H]3CC[C@]12C)N5CCOCC5)[N+]6(CC=C)CCCC6,,,,,,,,,,,,,,,,,,,,,,,,,,,,,,,
0,O=C1N(C=C(C=C1c2ccccc2C#N)c3ccccn3)c4ccccc4,,,,,,,,,,,,,,,,,,,,,,,,,,,,,,,
1,CCN(CC)C(=O)\C(=C\c1cc(O)c(O)c(c1)[N+](=O)[O-])\C#N,,,,,,,,,,,,,,,,,,,,,,,,,,,,,,,
0,CC[C@@H]1[C@H](Cc2cncn2C)COC1=O,,,,,,,,,,,,,,,,,,,,,,,,,,,,,,,
0,CS(=O)(=O)c1ccc(cc1)C2=C(C(=O)OC2)c3ccccc3,,,,,,,,,,,,,,,,,,,,,,,,,,,,,,,
0,CCCCCCCC(=O)N[C@H](CN1CCCC1)[C@H](O)c2ccc3OCCOc3c2,,,,,,,,,,,,,,,,,,,,,,,,,,,,,,,
0,C[C@@H]1CCN(CCN1C(=O)c2cc(C)ccc2n3nccn3)c4oc5ccc(Cl)cc5n4,,,,,,,,,,,,,,,,,,,,,,,,,,,,,,,
1,CCOC(=O)[C@H](CCc1ccccc1)N[C@H](C)C(=O)N2[C@@H]3CCC[C@@H]3C[C@@H]2C(=O)O,,,,,,,,,,,,,,,,,,,,,,,,,,,,,,,
0,NC[C@H](CC(=O)O)c1ccc(Cl)cc1,,,,,,,,,,,,,,,,,,,,,,,,,,,,,,,
0,Cc1c(Br)c(O)c(Br)cc1C2(OS(=O)(=O)c3ccccc23)c4cc(Br)c(O)c(Br)c4C,,,,,,,,,,,,,,,,,,,,,,,,,,,,,,,
0,NC(=O)c1oc2ccc(cc2c1)N3CCN(CCCCc4c[nH]c5ccc(cc45)C#N)CC3,,,,,,,,,,,,,,,,,,,,,,,,,,,,,,,
0,NC(=NCc1cccc(I)c1)N,,,,,,,,,,,,,,,,,,,,,,,,,,,,,,,
0,Clc1ccc2N(C3CCN(CCCN4C(=O)Nc5ccccc45)CC3)C(=O)Nc2c1,,,,,,,,,,,,,,,,,,,,,,,,,,,,,,,
0,C[C@H](O)CN1CCN(CC(=O)[O-])CCN(CC(=O)[O-])CCN(CC(=O)[O-])CC1,,,,,,,,,,,,,,,,,,,,,,,,,,,,,,,
0,COc1ccc(cc1C23CC4CC(CC(C4)C2)C3)c5ccc6cc(ccc6c5)C(=O)O,,,,,,,,,,,,,,,,,,,,,,,,,,,,,,,
1,CCOC(=O)[C@H](CCc1ccccc1)N[C@@H]2CCc3ccccc3N(CC(=O)O)C2=O,,,,,,,,,,,,,,,,,,,,,,,,,,,,,,,
0,CC(C)CCC[C@H](C)CCC[C@H](C)CCC[C@]1(C)CCc2c(C)c(OC(=O)CCC(=O)OCCO)c(C)c(C)c2O1,,,,,,,,,,,,,,,,,,,,,,,,,,,,,,,
0,Cc1ncc([N+](=O)[O-])n1CCO,,,,,,,,,,,,,,,,,,,,,,,,,,,,,,,
0,CN1CCc2cccc3c2[C@@H]1Cc4ccc(O)c(O)c34,,,,,,,,,,,,,,,,,,,,,,,,,,,,,,,
1,CC1(C)S[C@@H]2[C@H](NC(=O)[C@H](N)c3ccc(O)cc3)C(=O)N2[C@H]1C(=O)O,,,,,,,,,,,,,,,,,,,,,,,,,,,,,,,
0,CC(C)[N+]1(C)[C@@H]2CC[C@@H]1CC(C2)OC(=O)[C@H](CO)c3ccccc3,,,,,,,,,,,,,,,,,,,,,,,,,,,,,,,
0,CN[C@@H]1[C@H](O)[C@H](O)[C@H](CO)O[C@@H]1O[C@@H]2[C@H](O[C@@H]3[C@H](O)[C@H](O)[C@H](N=C(N)N)[C@H](O)[C@@H]3N=C(N)N)O[C@H](C)[C@@]2(O)C=O,,,,,,,,,,,,,,,,,,,,,,,,,,,,,,,
0,COC(=O)CCC1=C(C)c2cc3nc(cc4[nH]c(cc5nc(cc1[nH]2)c(CCC(=O)O)c5C)c(C=C)c4C)C6=CC=C([C@@H](C(=O)OC)[C@@]36C)C(=O)OC,,,,,,,,,,,,,,,,,,,,,,,,,,,,,,,
0,COc1ccc(CNc2nc(ncc2C(=O)NCc3ncccn3)N4CCC[C@H]4CO)cc1Cl,,,,,,,,,,,,,,,,,,,,,,,,,,,,,,,
1,COc1ccc(C[C@H](C)NC[C@H](O)c2ccc(O)c(NC=O)c2)cc1,,,,,,,,,,,,,,,,,,,,,,,,,,,,,,,
0,CCCCC[C@H](O)\C=C\[C@@H]1[C@H](O)C[C@H](O)[C@@H]1C\C=C\CCCC(=O)O,,,,,,,,,,,,,,,,,,,,,,,,,,,,,,,
0,CCCc1nc(c(C(=O)O)n1Cc2ccc(cc2)c3ccccc3c4nn[nH]n4)C(C)(C)O,,,,,,,,,,,,,,,,,,,,,,,,,,,,,,,
0,CN1C[C@@H]2[C@@H](C1)c3cc(Cl)ccc3Oc4ccccc24,,,,,,,,,,,,,,,,,,,,,,,,,,,,,,,
1,Cc1cc(cc(C)c1Oc2nc(Nc3ccc(cc3)C#N)nc(N)c2Br)C#N,,,,,,,,,,,,,,,,,,,,,,,,,,,,,,,
1,Clc1cccc(N2CCN(CCCCOc3ccc4CCC(=O)Nc4c3)CC2)c1Cl,,,,,,,,,,,,,,,,,,,,,,,,,,,,,,,
0,CNC(=O)c1ccccc1Sc2ccc3c(\C=C\c4ccccn4)n[nH]c3c2,,,,,,,,,,,,,,,,,,,,,,,,,,,,,,,
0,O=C(O[C@H]1CN2CCC1CC2)N3CCc4ccccc4[C@@H]3c5ccccc5,,,,,,,,,,,,,,,,,,,,,,,,,,,,,,,
1,CC(C)(C)NC(=O)[C@@H]1CN(Cc2cccnc2)CCN1C[C@H](O)C[C@H](Cc3ccccc3)C(=O)N[C@@H]4[C@H](O)Cc5ccccc45,,,,,,,,,,,,,,,,,,,,,,,,,,,,,,,
0,COc1c2OC(=O)C=Cc2cc3ccoc13,,,,,,,,,,,,,,,,,,,,,,,,,,,,,,,
0,FCOC(C(F)(F)F)C(F)(F)F,,,,,,,,,,,,,,,,,,,,,,,,,,,,,,,
1,C[C@@H](N[C@@H](CCc1ccccc1)C(=O)O)C(=O)N2CCC[C@H]2C(=O)O,,,,,,,,,,,,,,,,,,,,,,,,,,,,,,,
0,CS(=O)(=O)c1ccc(C(=O)Nc2ccc(Cl)c(c2)c3ccccn3)c(Cl)c1,,,,,,,,,,,,,,,,,,,,,,,,,,,,,,,
0,C[C@@H]1O[C@H](C[C@H](N)[C@@H]1O)O[C@@H]2C[C@](O)(Cc3c(O)c4C(=O)c5ccccc5C(=O)c4c(O)c23)C(=O)C,,,,,,,,,,,,,,,,,,,,,,,,,,,,,,,
0,OS(=O)(=O)CCS,,,,,,,,,,,,,,,,,,,,,,,,,,,,,,,
0,OC12C[C@H]3C[C@@H](C1)CC(C3)(C2)NCC(=O)N4CCC[C@@H]4C#N,,,,,,,,,,,,,,,,,,,,,,,,,,,,,,,
0,C[C@]12C[C@H](O)[C@]3(F)[C@H](CCC4=CC(=O)C=C[C@]34C)[C@@H]1C[C@H](O)[C@@]2(O)C(=O)CO,,,,,,,,,,,,,,,,,,,,,,,,,,,,,,,
0,C[C@]12CC[C@@H]3C(=CCc4cc(OS(=O)(=O)O)ccc34)[C@@H]1CCC2=O,,,,,,,,,,,,,,,,,,,,,,,,,,,,,,,
1,O[C@@H](CC[C@@H]1[C@H](N(C1=O)c2ccc(F)cc2)c3ccc(O)cc3)c4ccc(F)cc4,,,,,,,,,,,,,,,,,,,,,,,,,,,,,,,
0,CN(C)[C@H]1[C@@H]2C[C@@H]3C(=C(O)c4c(O)cccc4[C@@]3(C)O)C(=O)[C@]2(O)C(=C(C(=O)NCNCCCC[C@H](N)C(=O)O)C1=O)O,,,,,,,,,,,,,,,,,,,,,,,,,,,,,,,
0,CN(C)CCc1c[nH]c2ccc(Cn3cncn3)cc12,,,,,,,,,,,,,,,,,,,,,,,,,,,,,,,
1,Nc1nc(NC2CC2)c3ncn([C@@H]4C[C@H](CO)C=C4)c3n1,,,,,,,,,,,,,,,,,,,,,,,,,,,,,,,
0,COc1ccc2cccc(CCNC(=O)C)c2c1,,,,,,,,,,,,,,,,,,,,,,,,,,,,,,,
1,CCCCCCCCCCC[C@H](C[C@@H]1OC(=O)[C@@H]1CCCCCC)OC(=O)[C@H](CC(C)C)NC=O,,,,,,,,,,,,,,,,,,,,,,,,,,,,,,,
0,Cc1ccc(cc1Cc2ccc(s2)c3ccc(F)cc3)[C@@H]4O[C@H](CO)[C@@H](O)[C@H](O)[C@H]4O,,,,,,,,,,,,,,,,,,,,,,,,,,,,,,,
1,CN1C(=O)CC(=O)N(c2ccccc2)c3cc(Cl)ccc13,,,,,,,,,,,,,,,,,,,,,,,,,,,,,,,
0,COc1ccc2C[C@@H]3[C@@H]4CC[C@H](O)[C@@H]5Oc1c2[C@]45CCN3C,,,,,,,,,,,,,,,,,,,,,,,,,,,,,,,
1,CN(C)CCCN1c2ccccc2Sc3ccc(Cl)cc13,,,,,,,,,,,,,,,,,,,,,,,,,,,,,,,
0,CCCCN(CCCC)CC[C@H](O)c1cc2c(Cl)cc(Cl)cc2c3cc(ccc13)C(F)(F)F,,,,,,,,,,,,,,,,,,,,,,,,,,,,,,,
0,C[C@@H]1C[C@@H]2[C@@H]3CCC4=CC(=O)C=C[C@@]4(C)[C@@]3(F)[C@H](O)C[C@@]2(C)[C@@H]1C(=O)CO,,,,,,,,,,,,,,,,,,,,,,,,,,,,,,,
0,CCN(CC)CCOC(=O)C1(CCCCC1)C2CCCCC2,,,,,,,,,,,,,,,,,,,,,,,,,,,,,,,
0,C[C@@H](O)[C@@H]1[C@H]2[C@@H](C)C(=C(N2C1=O)C(=O)O)S[C@H]3CC[C@H](N3)C(=O)N(C)C,,,,,,,,,,,,,,,,,,,,,,,,,,,,,,,
1,Cc1onc(NS(=O)(=O)c2ccc(N)cc2)c1,,,,,,,,,,,,,,,,,,,,,,,,,,,,,,,
0,CC1(C)O[C@@H]2C[C@H]3[C@H]4CCC5=CC(=O)C=C[C@@]5(C)[C@H]4[C@H](O)C[C@@]3(C)[C@@]2(O1)C(=O)CO,,,,,,,,,,,,,,,,,,,,,,,,,,,,,,,
0,Cc1nnc2CN=C(c3ccccc3Cl)c4cc(Cl)ccc4n12,,,,,,,,,,,,,,,,,,,,,,,,,,,,,,,
0,C[C@@H]1CCN(C[C@@H]1N(C)c2ncnc3[nH]ccc23)C(=O)CC#N,,,,,,,,,,,,,,,,,,,,,,,,,,,,,,,
0,O[C@@H]1CC[C@]2(O)[C@@H]3Cc4ccc(O)c5O[C@@H]1[C@@]2(CCN3CC6CCC6)c45,,,,,,,,,,,,,,,,,,,,,,,,,,,,,,,
0,CO[C@]12[C@H]3N[C@H]3CN1C4=C([C@H]2COC(=O)N)C(=O)C(=C(C)C4=O)N,,,,,,,,,,,,,,,,,,,,,,,,,,,,,,,
1,COc1cc2N(C=C(C(=O)O)C(=O)c2cc1Cc3cccc(Cl)c3F)[C@H](CO)C(C)C,,,,,,,,,,,,,,,,,,,,,,,,,,,,,,,
0,CNCCc1ccccn1,,,,,,,,,,,,,,,,,,,,,,,,,,,,,,,
0,CCS(=O)(=O)CCn1c(C)ncc1[N+](=O)[O-],,,,,,,,,,,,,,,,,,,,,,,,,,,,,,,
1,Clc1ccccc1CN2CCc3sccc3C2,,,,,,,,,,,,,,,,,,,,,,,,,,,,,,,
1,CC(C)c1c(C(=O)Nc2ccccc2)c(c3ccccc3)c(c4ccc(F)cc4)n1CC[C@@H](O)C[C@@H](O)CC(=O)O,,,,,,,,,,,,,,,,,,,,,,,,,,,,,,,
1,Nc1nc(Cl)nc2c1ncn2[C@@H]3C[C@H](O)[C@H](CO)O3,,,,,,,,,,,,,,,,,,,,,,,,,,,,,,,
1,Nc1nc2ccc(OC(F)(F)F)cc2s1,,,,,,,,,,,,,,,,,,,,,,,,,,,,,,,
0,CCOCCn1c(nc2ccccc12)N3CCCN(C)CC3,,,,,,,,,,,,,,,,,,,,,,,,,,,,,,,
0,C[C@H](CN1CC(=O)NC(=O)C1)N2CC(=O)NC(=O)C2,,,,,,,,,,,,,,,,,,,,,,,,,,,,,,,
1,CN1CCN(CCCN2c3ccccc3Sc4ccc(cc24)C(F)(F)F)CC1,,,,,,,,,,,,,,,,,,,,,,,,,,,,,,,
0,COc1ccc2C[C@H]3[C@@H]4CCC(=O)[C@@H]5Oc1c2[C@]45CCN3C,,,,,,,,,,,,,,,,,,,,,,,,,,,,,,,
0,COc1cc(CNC(=O)CCCC\C=C\C(C)C)ccc1O,,,,,,,,,,,,,,,,,,,,,,,,,,,,,,,
0,CN1CCN2[C@H](C1)c3ccccc3Cc4ccccc24,,,,,,,,,,,,,,,,,,,,,,,,,,,,,,,
0,[O-][N+](=O)OCCNC(=O)c1cccnc1,,,,,,,,,,,,,,,,,,,,,,,,,,,,,,,
1,CC(C)NC[C@H](O)COc1ccc(CC(=O)N)cc1,,,,,,,,,,,,,,,,,,,,,,,,,,,,,,,
1,CN(C)[C@@H]1[C@@H]2[C@H](O)[C@@H]3C(=C(O)c4c(O)cccc4[C@@]3(C)O)C(=O)[C@@]2(O)C(=C(C(=O)N)C1=O)[O-],,,,,,,,,,,,,,,,,,,,,,,,,,,,,,,
1,CC(=O)O[C@@H]1C(=O)[C@]2(C)[C@H](O)C[C@@H]3OC[C@@]3(OC(=O)C)[C@@H]2[C@H](OC(=O)c4ccccc4)[C@]5(O)C[C@H](OC(=O)[C@H](O)[C@H](NC(=O)c6ccccc6)c7ccccc7)C(=C1C5(C)C)C,,,,,,,,,,,,,,,,,,,,,,,,,,,,,,,
1,CC[C@H](C)[C@@H]1NC(=O)[C@H](Cc2ccc(O)cc2)NC(=O)[C@H](N)CSSC[C@H](NC(=O)[C@H](CC(=O)N)NC(=O)[C@H](NC1=O)[C@H](C)O)C(=O)N3CCC[C@@H]3C(=O)N[C@H](CC(C)C)C(=O)NCC(=O)N,,,,,,,,,,,,,,,,,,,,,,,,,,,,,,,
0,CCCc1c2OC(=CC(=O)c2cc3C(=O)C=C(N(CC)c13)C(=O)O)C(=O)O,,,,,,,,,,,,,,,,,,,,,,,,,,,,,,,
1,C[C@H](N[C@H](CCc1ccccc1)C(=O)O)C(=O)N2[C@@H]3CCCC[C@@H]3C[C@@H]2C(=O)O,,,,,,,,,,,,,,,,,,,,,,,,,,,,,,,
0,O[C@H]1CO[C@@H]2[C@@H](CO[C@H]12)O[N+](=O)[O-],,,,,,,,,,,,,,,,,,,,,,,,,,,,,,,
0,Nc1nc(CC(=O)Nc2ccc(CCNC[C@H](O)c3ccccc3)cc2)cs1,,,,,,,,,,,,,,,,,,,,,,,,,,,,,,,
0,CN1C[C@H](C[C@@H]2[C@@H]1Cc3c[nH]c4cccc2c34)C(=O)N[C@]5(C)O[C@]6(O)[C@@H]7CCCN7C(=O)[C@H](Cc8ccccc8)N6C5=O,,,,,,,,,,,,,,,,,,,,,,,,,,,,,,,
1,[O-]C(=O)Cc1ccccc1Nc2c(Cl)cccc2Cl,,,,,,,,,,,,,,,,,,,,,,,,,,,,,,,
0,COc1ccc2c(O[C@@H]3C[C@@H]4[C@@H](C3)C(=O)N(C)CCCC\C=C/[C@@H]5C[C@@]5(NC4=O)C(=O)NS(=O)(=O)C6CC6)cc(nc2c1C)c7nc(cs7)C(C)C,,,,,,,,,,,,,,,,,,,,,,,,,,,,,,,
0,CCCSc1nc(N[C@@H]2C[C@H]2c3ccc(F)c(F)c3)c4nnn([C@@H]5C[C@H](OCCO)[C@@H](O)[C@H]5O)c4n1,,,,,,,,,,,,,,,,,,,,,,,,,,,,,,,
0,OP(=O)(O)[O-],,,,,,,,,,,,,,,,,,,,,,,,,,,,,,,
0,COc1ccc2[n-]c(nc2c1)S(=O)Cc3ncc(C)c(OC)c3C,,,,,,,,,,,,,,,,,,,,,,,,,,,,,,,
0,COCC(=O)Nc1c(I)c(C(=O)NC[C@H](O)CO)c(I)c(C(=O)N(C)C[C@H](O)CO)c1I,,,,,,,,,,,,,,,,,,,,,,,,,,,,,,,
0,COc1ccc2C[C@@H]3N(C)CC[C@]45[C@H](Oc1c24)C(=O)CC[C@]35O,,,,,,,,,,,,,,,,,,,,,,,,,,,,,,,
1,C[C@H](CS)C(=O)N1CCC[C@H]1C(=O)O,,,,,,,,,,,,,,,,,,,,,,,,,,,,,,,
0,CCC(=O)N(c1ccccc1)C2(COC)CCN(CCc3cccs3)CC2,,,,,,,,,,,,,,,,,,,,,,,,,,,,,,,
0,CN[C@@H]1CCc2[nH]c3ccc(cc3c2C1)C(=O)N,,,,,,,,,,,,,,,,,,,,,,,,,,,,,,,
0,FC(F)O[C@H](F)C(F)(F)F,,,,,,,,,,,,,,,,,,,,,,,,,,,,,,,
1,CCCCCCCCCC(=O)OCCN1CCN(CCCN2c3ccccc3Sc4ccc(cc24)C(F)(F)F)CC1,,,,,,,,,,,,,,,,,,,,,,,,,,,,,,,
0,O=C(OC1C[C@@H]2CC3C[C@H](C1)N2CC3=O)c4c[nH]c5ccccc45,,,,,,,,,,,,,,,,,,,,,,,,,,,,,,,
0,CCCCCN(C)CCC(O)(P(=O)(O)O)P(=O)(O)O,,,,,,,,,,,,,,,,,,,,,,,,,,,,,,,
1,FC(F)(F)[C@@]1(OC(=O)Nc2ccc(Cl)cc12)C#CC3CC3,,,,,,,,,,,,,,,,,,,,,,,,,,,,,,,
0,Cc1ccc(cc1)N(CC2=NCCN2)c3cccc(O)c3,,,,,,,,,,,,,,,,,,,,,,,,,,,,,,,
0,C[C@H](C(=O)O)c1ccc(s1)C(=O)c2ccccc2,,,,,,,,,,,,,,,,,,,,,,,,,,,,,,,
1,CC[C@H]1OC(=O)[C@H](C)[C@@H](O[C@H]2C[C@@](C)(OC)[C@@H](O)[C@H](C)O2)[C@H](C)[C@@H](O[C@@H]3O[C@H](C)C[C@@H]([C@H]3O)N(C)C)[C@](C)(O)C[C@@H](C)C(=O)[C@H](C)[C@@H](O)[C@]1(C)O,,,,,,,,,,,,,,,,,,,,,,,,,,,,,,,
0,Cc1nnc2CN=C(c3ccccc3)c4cc(Cl)ccc4n12,,,,,,,,,,,,,,,,,,,,,,,,,,,,,,,
0,Cc1[nH]cnc1CN2CCc3c(C2=O)c4ccccc4n3C,,,,,,,,,,,,,,,,,,,,,,,,,,,,,,,
0,Cc1cc(C)c(\C=C\2/C(=O)Nc3ccccc23)[nH]1,,,,,,,,,,,,,,,,,,,,,,,,,,,,,,,
0,OC(=O)CCCN1CCC(CC1)O[C@H](c2ccc(Cl)cc2)c3ccccn3,,,,,,,,,,,,,,,,,,,,,,,,,,,,,,,
1,CN(C)CCC[C@@]1(OCc2cc(ccc12)C#N)c3ccc(F)cc3,,,,,,,,,,,,,,,,,,,,,,,,,,,,,,,
0,CC(C)(C)NC(=O)[C@@H]1CC[C@@H]2[C@@H]3CC[C@@H]4NC(=O)C=C[C@@]4(C)[C@@H]3CC[C@]12C,,,,,,,,,,,,,,,,,,,,,,,,,,,,,,,
0,C[C@@H](O)[C@@H]1[C@H]2[C@@H](C)C(=C(N2C1=O)C(=O)O)S[C@@H]3CN[C@@H](C3)C(=O)Nc4cccc(c4)C(=O)O,,,,,,,,,,,,,,,,,,,,,,,,,,,,,,,
1,CC[C@H]1OC(=O)[C@H](C)[C@@H](O[C@H]2C[C@](C)(OC)[C@H](O)[C@@H](C)O2)[C@H](C)[C@@H](O[C@H]3O[C@H](C)C[C@H]([C@H]3O)N(C)C)[C@@](C)(C[C@@H](C)C(=O)[C@H](C)[C@@H](O)[C@]1(C)O)OC,,,,,,,,,,,,,,,,,,,,,,,,,,,,,,,
0,CC(C)c1cccc(C(C)C)c1OCOP(=O)([O-])[O-],,,,,,,,,,,,,,,,,,,,,,,,,,,,,,,
0,CCCCC[C@H](O)\C=C\[C@@H]1[C@H](O)CC(=O)[C@@H]1CCCCCCC(=O)O,,,,,,,,,,,,,,,,,,,,,,,,,,,,,,,
0,Cc1ccc(Sc2ccccc2N3CCNCC3)c(C)c1,,,,,,,,,,,,,,,,,,,,,,,,,,,,,,,
1,NC1=NC(=O)N(C=C1)[C@@H]2CS[C@H](CO)O2,,,,,,,,,,,,,,,,,,,,,,,,,,,,,,,
1,CCOC(=O)[C@H](CCc1ccccc1)N[C@H](C)C(=O)N2[C@@H]3CCCC[C@@H]3C[C@@H]2C(=O)O,,,,,,,,,,,,,,,,,,,,,,,,,,,,,,,
0,C[C@H](N)COc1c(C)cccc1C,,,,,,,,,,,,,,,,,,,,,,,,,,,,,,,
0,C[C@H](O)[C@H](C)[C@@H]1O[C@@H]1C[C@@H]2CO[C@H](C\C(=C\C(=O)OCCCCCCCCC(=O)O)\C)[C@H](O)[C@@H]2O,,,,,,,,,,,,,,,,,,,,,,,,,,,,,,,
0,C[C@H](C(=O)O)c1cccc(Oc2ccccc2)c1,,,,,,,,,,,,,,,,,,,,,,,,,,,,,,,
0,CCCSc1ccc2nc(NC(=O)OC)[nH]c2c1,,,,,,,,,,,,,,,,,,,,,,,,,,,,,,,
0,CC[C@]12CC(=C)[C@@H]3[C@H](CCC4=CC(=O)CC[C@H]34)[C@H]1CC[C@@]2(O)C#C,,,,,,,,,,,,,,,,,,,,,,,,,,,,,,,
0,[O-]C(=O)[O-],,,,,,,,,,,,,,,,,,,,,,,,,,,,,,,
0,NCc1ccc(cc1)S(=O)(=O)N,,,,,,,,,,,,,,,,,,,,,,,,,,,,,,,
0,C[C@@H]1O[C@@H]1P(=O)(O)[O-],,,,,,,,,,,,,,,,,,,,,,,,,,,,,,,
0,C[C@@H]1[C@H](O)CC[C@]2(C)[C@@H]1CC[C@]3(C)[C@@H]2[C@H](O)C[C@@H]4\C(=C(/CCC=C(C)C)\C(=O)O)\[C@H](C[C@]34C)OC(=O)C,,,,,,,,,,,,,,,,,,,,,,,,,,,,,,,
0,C[C@]12CC[C@@H]3[C@H](CCc4cc(OS(=O)(=O)O)ccc34)[C@@H]1CCC2=O,,,,,,,,,,,,,,,,,,,,,,,,,,,,,,,
0,CCN(CC)CCOc1ccc(cc1)\C(=C(/Cl)\c2ccccc2)\c3ccccc3,,,,,,,,,,,,,,,,,,,,,,,,,,,,,,,
0,COc1cccc2C(=O)c3c(O)c4C[C@](O)(C[C@H](O[C@@H]5C[C@H](N)[C@H](O)[C@H](C)O5)c4c(O)c3C(=O)c12)C(=O)C,,,,,,,,,,,,,,,,,,,,,,,,,,,,,,,
0,CN1C(=O)CN=C(c2ccccc2)c3cc(Cl)ccc13,,,,,,,,,,,,,,,,,,,,,,,,,,,,,,,
1,CCC(C)(C)C(=O)O[C@H]1C[C@@H](C)C=C2C=C[C@H](C)[C@H](CC[C@@H]3C[C@@H](O)CC(=O)O3)[C@@H]12,,,,,,,,,,,,,,,,,,,,,,,,,,,,,,,
0,NC(=Nc1nc(CSCC\C(=N\S(=O)(=O)N)\N)cs1)N,,,,,,,,,,,,,,,,,,,,,,,,,,,,,,,
0,C[C@@H](c1cnc[nH]1)c2cccc(C)c2C,,,,,,,,,,,,,,,,,,,,,,,,,,,,,,,
0,CC#C[C@]1(O)CC[C@@H]2[C@@H]3CCC4=CC(=O)CCC4=C3[C@H](C[C@]12C)c5ccc(cc5)N(C)C,,,,,,,,,,,,,,,,,,,,,,,,,,,,,,,
0,CCC(=O)NC[C@@H]1C[C@@H]1c2cccc3OCCc23,,,,,,,,,,,,,,,,,,,,,,,,,,,,,,,
1,CSc1ccc2Sc3ccccc3N(CC[C@@H]4CCCCN4C)c2c1,,,,,,,,,,,,,,,,,,,,,,,,,,,,,,,
0,Brc1ccc2NC(=O)CN=C(c3ccccn3)c2c1,,,,,,,,,,,,,,,,,,,,,,,,,,,,,,,
0,CC[C@@H]1\C=C(\C)/C[C@H](C)C[C@H](OC)[C@H]2O[C@](O)([C@H](C)C[C@@H]2OC)C(=O)C(=O)N3CCCC[C@H]3C(=O)O[C@@H]([C@H](C)[C@@H](O)CC1=O)\C(=C\[C@@H]4CC[C@H](Cl)[C@@H](C4)OC)\C,,,,,,,,,,,,,,,,,,,,,,,,,,,,,,,
0,CCCC(=O)O[C@@]1([C@H](C)C[C@@H]2[C@@H]3CCC4=CC(=O)C=C[C@@]4(C)[C@@]3(F)C(=O)C[C@]12C)C(=O)CCl,,,,,,,,,,,,,,,,,,,,,,,,,,,,,,,
0,CC[C@@H](C)[C@H]1O[C@]2(CC[C@@H]1C)C[C@H]3C[C@@H](C\C=C(/C)\[C@@H](O[C@H]4C[C@H](OC)[C@@H](O[C@@H]5C[C@H](OC)[C@@H](O)[C@H](C)O5)[C@H](C)O4)[C@@H](C)\C=C\C=C/6\CO[C@@H]7[C@H](O)C(=C[C@@H](C(=O)O3)[C@]67O)C)O2,,,,,,,,,,,,,,,,,,,,,,,,,,,,,,,
1,N[C@@H]1C[C@@H]1c2ccccc2,,,,,,,,,,,,,,,,,,,,,,,,,,,,,,,
0,CCOCCP(CCOCC)CCP(CCOCC)CCOCC,,,,,,,,,,,,,,,,,,,,,,,,,,,,,,,
0,CC(C)C(=O)Nc1ccc(c(c1)C(F)(F)F)[N+](=O)[O-],,,,,,,,,,,,,,,,,,,,,,,,,,,,,,,
0,CCN(CC)CC#CCOC(=O)[C@](O)(C1CCCCC1)c2ccccc2,,,,,,,,,,,,,,,,,,,,,,,,,,,,,,,
0,CC(=O)N[C@H](CS)C(=O)O,,,,,,,,,,,,,,,,,,,,,,,,,,,,,,,
1,CC(C)C[C@H](N(C)C)C1(CCC1)c2ccc(Cl)cc2,,,,,,,,,,,,,,,,,,,,,,,,,,,,,,,
1,CC(=O)N(O)CCCCCNC(=O)CCC(=O)N(O)CCCCCNC(=O)CCC(=O)N(O)CCCCCN,,,,,,,,,,,,,,,,,,,,,,,,,,,,,,,
1,C[C@H](CCc1ccccc1)NC[C@H](O)c2ccc(O)c(c2)C(=O)N,,,,,,,,,,,,,,,,,,,,,,,,,,,,,,,
0,CC1(C)O[C@@H]2C[C@@H]3[C@@H]4C[C@H](F)C5=CC(=O)C=C[C@@]5(C)[C@@]4(F)[C@H](O)C[C@@]3(C)[C@@]2(O1)C(=O)CO,,,,,,,,,,,,,,,,,,,,,,,,,,,,,,,
0,CCCCCCCCCCCCCCCCCCCCCCO,,,,,,,,,,,,,,,,,,,,,,,,,,,,,,,
0,C[C@@H]1C[C@H]2[C@@H]3C[C@H](F)C4=CC(=O)C=C[C@]4(C)[C@@]3(F)[C@@H](O)C[C@]2(C)[C@@]1(OC(=O)c5occc5)C(=O)SCF,,,,,,,,,,,,,,,,,,,,,,,,,,,,,,,
0,Cc1ccc(cc1)c2cc(nn2c3ccc(cc3)S(=O)(=O)N)C(F)(F)F,,,,,,,,,,,,,,,,,,,,,,,,,,,,,,,
0,Cc1c(c2ccc(O)cc2)n(Cc3ccc(OCCN4CCCCCC4)cc3)c5ccc(O)cc15,,,,,,,,,,,,,,,,,,,,,,,,,,,,,,,
0,Nc1ncnc2c1c(nn2[C@@H]3CCCN(C3)C(=O)C=C)c4ccc(Oc5ccccc5)cc4,,,,,,,,,,,,,,,,,,,,,,,,,,,,,,,
0,C[C@H](Cc1ccccc1)N(C)CC#C,,,,,,,,,,,,,,,,,,,,,,,,,,,,,,,
0,CCN(C(=O)C)c1cccc(c1)c2ccnc3c(cnn23)C#N,,,,,,,,,,,,,,,,,,,,,,,,,,,,,,,
1,NNC(=O)c1ccncc1,,,,,,,,,,,,,,,,,,,,,,,,,,,,,,,
0,COc1cc(ccc1Cc2cn(C)c3ccc(NC(=O)OC4CCCC4)cc23)C(=O)NS(=O)(=O)c5ccccc5C,,,,,,,,,,,,,,,,,,,,,,,,,,,,,,,
0,CC1(C)O[C@@H]2C[C@@H]3[C@@H]4C[C@H](F)C5=CC(=O)C=C[C@@]5(C)[C@@H]4[C@H](O)C[C@@]3(C)[C@@]2(O1)C(=O)CO,,,,,,,,,,,,,,,,,,,,,,,,,,,,,,,
1,OC(=O)CN1C(=O)[C@H](CCc2ccccc12)N[C@H](CCc3ccccc3)C(=O)O,,,,,,,,,,,,,,,,,,,,,,,,,,,,,,,
1,C[C@H](N[C@@H](CCc1ccccc1)C(=O)O)C(=O)N2Cc3ccccc3C[C@H]2C(=O)O,,,,,,,,,,,,,,,,,,,,,,,,,,,,,,,
0,OC[C@@H](O)[C@@H](O)[C@H](O)[C@@H](O)C(=O)O,,,,,,,,,,,,,,,,,,,,,,,,,,,,,,,
0,OC[C@H]1O[C@H]([C@H](O)[C@@H]1OP(=O)(O)OC[C@H]2O[C@H]([C@H](O)[C@@H]2O)N3C=CC(=O)NC3=O)N4C=CC(=O)NC4=O,,,,,,,,,,,,,,,,,,,,,,,,,,,,,,,
0,CCOC(=O)Nc1ccc(NCc2ccc(F)cc2)cc1N,,,,,,,,,,,,,,,,,,,,,,,,,,,,,,,
0,CCCCCc1cc(O)c2[C@@H]3C=C(C)CC[C@@H]3C(C)(C)Oc2c1,,,,,,,,,,,,,,,,,,,,,,,,,,,,,,,
1,COc1ccc2nccc([C@@H](O)[C@@H]3C[C@@H]4CCN3C[C@@H]4C=C)c2c1,,,,,,,,,,,,,,,,,,,,,,,,,,,,,,,
0,CNNCc1ccc(cc1)C(=O)NC(C)C,,,,,,,,,,,,,,,,,,,,,,,,,,,,,,,
0,COc1cc(cc(OC)c1OC)[C@@H]2[C@@H]3[C@H](COC3=O)[C@H](O)c4cc5OCOc5cc24,,,,,,,,,,,,,,,,,,,,,,,,,,,,,,,
1,CCC[C@H](N[C@H](C)C(=O)N1[C@H]2CCCC[C@H]2C[C@H]1C(=O)O)C(=O)OCC,,,,,,,,,,,,,,,,,,,,,,,,,,,,,,,
0,CCC(=O)O[C@@]1([C@H](C)C[C@H]2[C@@H]3C[C@H](F)C4=CC(=O)C=C[C@]4(C)[C@@]3(F)[C@@H](O)C[C@]12C)C(=O)SCF,,,,,,,,,,,,,,,,,,,,,,,,,,,,,,,
0,CN(C)C(=N)N=C(N)N,,,,,,,,,,,,,,,,,,,,,,,,,,,,,,,
0,NC(=NC(=O)Cc1c(Cl)cccc1Cl)N,,,,,,,,,,,,,,,,,,,,,,,,,,,,,,,
1,NC(=O)N1c2ccccc2C=Cc3ccccc13,,,,,,,,,,,,,,,,,,,,,,,,,,,,,,,
1,CC(C)CN(C[C@@H](OP(=O)([O-])[O-])[C@H](Cc1ccccc1)NC(=O)O[C@H]2CCOC2)S(=O)(=O)c3ccc(N)cc3,,,,,,,,,,,,,,,,,,,,,,,,,,,,,,,
0,O=C(C1CCCCC1)N2C[C@@H]3N(CCc4ccccc34)C(=O)C2,,,,,,,,,,,,,,,,,,,,,,,,,,,,,,,
1,Cc1ccnc2N(C3CC3)c4ncccc4C(=O)Nc12,,,,,,,,,,,,,,,,,,,,,,,,,,,,,,,
0,CCOc1ccccc1OCCN[C@@H](C)Cc2ccc(OC)c(c2)S(=O)(=O)N,,,,,,,,,,,,,,,,,,,,,,,,,,,,,,,
0,CCCCC(F)(F)[C@@]1(O)CC[C@@H]2[C@@H](CCCCCCC(=O)O)C(=O)C[C@H]2O1,,,,,,,,,,,,,,,,,,,,,,,,,,,,,,,
0,NC1[C@H]2CN(C[C@@H]12)c3nc4N(C=C(C(=O)O)C(=O)c4cc3F)c5ccc(F)cc5F,,,,,,,,,,,,,,,,,,,,,,,,,,,,,,,
0,CC[C@H]1OC(=O)[C@H](C)C(=O)[C@H](C)[C@@H](O[C@@H]2O[C@H](C)C[C@@H]([C@H]2O)N(C)C)[C@@](C)(C[C@@H](C)C(=O)[C@@H](C)[C@H]3N(CCCCn4cnc(c4)c5cccnc5)C(=O)O[C@]13C)OC,,,,,,,,,,,,,,,,,,,,,,,,,,,,,,,
1,O=C1NC(=O)C(N1)(c2ccccc2)c3ccccc3,,,,,,,,,,,,,,,,,,,,,,,,,,,,,,,
0,CC(C)(C)NC[C@H](O)c1ccc(O)c(CO)n1,,,,,,,,,,,,,,,,,,,,,,,,,,,,,,,
0,CN1C(=O)N(CCCCC(=O)C)C(=O)c2c1ncn2C,,,,,,,,,,,,,,,,,,,,,,,,,,,,,,,
0,CN1C(=O)C=C(N2CCC[C@H](N)C2)N(Cc3ccccc3C#N)C1=O,,,,,,,,,,,,,,,,,,,,,,,,,,,,,,,
0,OC(C(=O)OC1C[C@H]2CC[C@@H](C1)[N+]23CCCC3)(c4ccccc4)c5ccccc5,,,,,,,,,,,,,,,,,,,,,,,,,,,,,,,
0,COc1cc(cc(OC)c1OP(=O)(O)O)[C@H]2[C@@H]3[C@H](COC3=O)[C@H](O[C@@H]4O[C@@H]5CO[C@@H](C)O[C@@H]5[C@H](O)[C@H]4O)c6cc7OCOc7cc26,,,,,,,,,,,,,,,,,,,,,,,,,,,,,,,
0,OC(COc1cccc2OC(=CC(=O)c12)C(=O)[O-])COc3cccc4OC(=CC(=O)c34)C(=O)[O-],,,,,,,,,,,,,,,,,,,,,,,,,,,,,,,
0,[O-]C1=NC(=O)N(C1)\N=C\c2oc(cc2)c3ccc(cc3)[N+](=O)[O-],,,,,,,,,,,,,,,,,,,,,,,,,,,,,,,
0,C[C@H](N)C12CC3CC(CC(C3)C1)C2,,,,,,,,,,,,,,,,,,,,,,,,,,,,,,,
0,Fc1ccc(cc1)C(CCCN2CCC(CC2)N3C(=O)Nc4ccccc34)c5ccc(F)cc5,,,,,,,,,,,,,,,,,,,,,,,,,,,,,,,
0,CCCCCCOC(=O)CCC(=O)CN,,,,,,,,,,,,,,,,,,,,,,,,,,,,,,,
0,CCOc1ccccc1O[C@H]([C@@H]2CNCCO2)c3ccccc3,,,,,,,,,,,,,,,,,,,,,,,,,,,,,,,
0,CN1C(=O)N(C)c2ncn(C)c2C1=O,,,,,,,,,,,,,,,,,,,,,,,,,,,,,,,
1,NC(=O)c1ncn(n1)[C@@H]2O[C@H](CO)[C@H](O)[C@@H]2O,,,,,,,,,,,,,,,,,,,,,,,,,,,,,,,
0,S=C1N=CNc2nc[nH]c12,,,,,,,,,,,,,,,,,,,,,,,,,,,,,,,
1,CCOC(=O)[C@H](CCc1ccccc1)N[C@H](C)C(=O)N2Cc3ccccc3C[C@@H]2C(=O)O,,,,,,,,,,,,,,,,,,,,,,,,,,,,,,,
0,CC1(C)O[C@@H]2C[C@@H]3[C@@H]4C[C@H](F)C5=CC(=O)CC[C@@]5(C)[C@@H]4[C@H](O)C[C@@]3(C)[C@@]2(O1)C(=O)CO,,,,,,,,,,,,,,,,,,,,,,,,,,,,,,,
0,Oc1ccc2C[C@@H]3N(CC4CCC4)CC[C@@]5(CCCC[C@]35O)c2c1,,,,,,,,,,,,,,,,,,,,,,,,,,,,,,,
0,CC(C)N(CC[C@H](c1ccccc1)c2cc(CO)ccc2OC(=O)C(C)C)C(C)C,,,,,,,,,,,,,,,,,,,,,,,,,,,,,,,
0,OC(c1ccccc1)(c2ccccc2)C34CC[N+](CCOCc5ccccc5)(CC3)CC4,,,,,,,,,,,,,,,,,,,,,,,,,,,,,,,
1,CN1C(=C([O-])c2ccccc2S1(=O)=O)C(=O)Nc3ncc(C)s3,,,,,,,,,,,,,,,,,,,,,,,,,,,,,,,
0,FC(F)(F)C(F)(F)C(F)(F)F,,,,,,,,,,,,,,,,,,,,,,,,,,,,,,,
1,CC(C)CCC[C@H](C)CCC[C@H](C)CCC\C(=C\CC1=C(C)C(=O)c2ccccc2C1=O)\C,,,,,,,,,,,,,,,,,,,,,,,,,,,,,,,
0,C[C@]12CC[C@H]3[C@@H](CC(=C)C4=CC(=O)C=C[C@]34C)[C@@H]1CCC2=O,,,,,,,,,,,,,,,,,,,,,,,,,,,,,,,
0,CC(C)COc1ccc(cc1C#N)c2nc(C)c(s2)C(=O)O,,,,,,,,,,,,,,,,,,,,,,,,,,,,,,,
0,CC(C)(C)NC[C@H](O)c1cc(O)cc(O)c1,,,,,,,,,,,,,,,,,,,,,,,,,,,,,,,
1,CC[C@H](C)C(=O)O[C@H]1C[C@@H](C)C=C2C=C[C@H](C)[C@H](CC[C@@H]3C[C@@H](O)CC(=O)O3)[C@@H]12,,,,,,,,,,,,,,,,,,,,,,,,,,,,,,,
0,COCCNC(=O)CN(CCN(CCN(CC(=O)[O-])CC(=O)NCCOC)CC(=O)[O-])CC(=O)[O-],,,,,,,,,,,,,,,,,,,,,,,,,,,,,,,
0,CCN[C@H]1CN(CCCOC)S(=O)(=O)c2sc(cc12)S(=O)(=O)N,,,,,,,,,,,,,,,,,,,,,,,,,,,,,,,
0,CC[C@@H]1CCC[C@H](O[C@H]2CC[C@H]([C@@H](C)O2)N(C)C)[C@@H](C)C(=O)C3=C[C@H]4[C@@H]5C[C@@H](C[C@H]5C(=C[C@H]4[C@@H]3CC(=O)O1)C)O[C@@H]6O[C@@H](C)[C@H](OC)[C@@H](OC)[C@H]6OC,,,,,,,,,,,,,,,,,,,,,,,,,,,,,,,
0,CNCC[C@@H](Oc1ccccc1C)c2ccccc2,,,,,,,,,,,,,,,,,,,,,,,,,,,,,,,
0,Cn1nnc(n1)c2ccc(cn2)c3ccc(cc3F)N4C[C@H](CO)OC4=O,,,,,,,,,,,,,,,,,,,,,,,,,,,,,,,
1,CCCN[C@@H]1CCc2nc(N)sc2C1,,,,,,,,,,,,,,,,,,,,,,,,,,,,,,,
1,COCCc1ccc(OC[C@H](O)CNC(C)C)cc1,,,,,,,,,,,,,,,,,,,,,,,,,,,,,,,
0,C(N1CCCNCCNCCCNCC1)c2ccc(CN3CCCNCCNCCCNCC3)cc2,,,,,,,,,,,,,,,,,,,,,,,,,,,,,,,
0,OP(=O)(O)C(Cl)(Cl)P(=O)(O)O,,,,,,,,,,,,,,,,,,,,,,,,,,,,,,,
0,CCOC(=O)N[C@@H]1CC[C@@H]2[C@@H](C1)C[C@@H]3[C@@H]([C@@H](C)OC3=O)[C@@H]2\C=C\c4ccc(cn4)c5cccc(F)c5,,,,,,,,,,,,,,,,,,,,,,,,,,,,,,,
0,COCCOC(=O)NCCCC[C@H](NC(=O)OCCOC)C(=O)NCCCCCCCOP(=O)(C)O,,,,,,,,,,,,,,,,,,,,,,,,,,,,,,,
0,Clc1ccc2c(c1)C(=NCc3nncn23)c4ccccc4,,,,,,,,,,,,,,,,,,,,,,,,,,,,,,,
0,CN1C(=O)N(C)c2nc[nH]c2C1=O,,,,,,,,,,,,,,,,,,,,,,,,,,,,,,,
1,C[C@H](CN1c2ccccc2Sc3ccccc13)N(C)C,,,,,,,,,,,,,,,,,,,,,,,,,,,,,,,
0,CO[C@@H]1[C@H](C[C@@H]2CN3CCc4c([nH]c5cc(OC)ccc45)[C@@H]3C[C@@H]2[C@@H]1C(=O)OC)OC(=O)\C=C\c6cc(OC)c(OC)c(OC)c6,,,,,,,,,,,,,,,,,,,,,,,,,,,,,,,
1,Nc1cccc2C(=O)N(Cc12)[C@@H]3CCC(=O)NC3=O,,,,,,,,,,,,,,,,,,,,,,,,,,,,,,,
0,Nc1ccc(cc1)S(=O)(=O)c2ccc(N)cc2,,,,,,,,,,,,,,,,,,,,,,,,,,,,,,,
0,CNc1ccc(cc1F)c2nc3ccc(O)cc3s2,,,,,,,,,,,,,,,,,,,,,,,,,,,,,,,
0,Oc1ccc2C[C@@H]3N(CC4CC4)CC[C@]56[C@H](Oc1c25)C(=C)CC[C@]36O,,,,,,,,,,,,,,,,,,,,,,,,,,,,,,,
0,COc1ccc(CCO[C@@H]2CCCC[C@H]2N3CC[C@@H](O)C3)cc1OC,,,,,,,,,,,,,,,,,,,,,,,,,,,,,,,
0,ClC1C(Cl)C(Cl)C(Cl)C(Cl)C1Cl,,,,,,,,,,,,,,,,,,,,,,,,,,,,,,,
1,Cc1cc2OCOc2cc1CC(=O)c3sccc3S(=O)(=O)Nc4onc(C)c4Cl,,,,,,,,,,,,,,,,,,,,,,,,,,,,,,,
0,COc1ccccc1OC[C@H](O)CN2CCN(CC(=O)Nc3c(C)cccc3C)CC2,,,,,,,,,,,,,,,,,,,,,,,,,,,,,,,
0,OCCN1C[C@H](O)[C@H](O)[C@H](O)[C@@H]1CO,,,,,,,,,,,,,,,,,,,,,,,,,,,,,,,
1,CC(C)n1c(\C=C\[C@@H](O)C[C@@H](O)CC(=O)O)c(c2ccc(F)cc2)c3ccccc13,,,,,,,,,,,,,,,,,,,,,,,,,,,,,,,
0,NC1=NC(=O)N(C[C@@H](CO)OCP(=O)(O)O)C=C1,,,,,,,,,,,,,,,,,,,,,,,,,,,,,,,
0,CN1CC(=O)N2[C@H](Cc3c([nH]c4ccccc34)[C@H]2c5ccc6OCOc6c5)C1=O,,,,,,,,,,,,,,,,,,,,,,,,,,,,,,,
0,Cc1ncc2CN=C(c3ccccc3F)c4cc(Cl)ccc4n12,,,,,,,,,,,,,,,,,,,,,,,,,,,,,,,
0,CC[C@H]([C@H](C)CN(C)C)c1cccc(O)c1,,,,,,,,,,,,,,,,,,,,,,,,,,,,,,,
0,NS(=O)(=O)c1cc2c(NCNS2(=O)=O)cc1Cl,,,,,,,,,,,,,,,,,,,,,,,,,,,,,,,
0,OCCCC(=O)O,,,,,,,,,,,,,,,,,,,,,,,,,,,,,,,
0,N[C@H](C(=O)N1[C@@H](C[C@@H]2C[C@H]12)C#N)C34C[C@@H]5C[C@@H](CC(O)(C5)C3)C4,,,,,,,,,,,,,,,,,,,,,,,,,,,,,,,
0,COc1cc(ccc1OCCCN2CCC(CC2)c3noc4cc(F)ccc34)C(=O)C,,,,,,,,,,,,,,,,,,,,,,,,,,,,,,,
0,ClC[C@@H]1CO1,,,,,,,,,,,,,,,,,,,,,,,,,,,,,,,
0,COCCCN1CCC(CC1)NC(=O)c2cc(Cl)c(N)c3CCOc23,,,,,,,,,,,,,,,,,,,,,,,,,,,,,,,
0,CC\C=C/C\C=C/C\C=C/C\C=C/C\C=C/C\C=C/CCC(=O)O,,,,,,,,,,,,,,,,,,,,,,,,,,,,,,,
0,CCCC(=O)OCOC(=O)C1=C(C)NC(=C([C@@H]1c2cccc(Cl)c2Cl)C(=O)OC)C,,,,,,,,,,,,,,,,,,,,,,,,,,,,,,,
1,CCCN(CCC)CCc1cccc2NC(=O)Cc12,,,,,,,,,,,,,,,,,,,,,,,,,,,,,,,
0,C[C@@H]1C[C@@H]2[C@@H]3CC[C@](O)(C(=O)C)[C@@]3(C)C[C@H](O)[C@@]2(F)[C@]4(C)C=CC(=O)C=C14,,,,,,,,,,,,,,,,,,,,,,,,,,,,,,,
1,[O-][N+](=O)c1oc(\C=N\N2CC(=O)NC2=O)cc1,,,,,,,,,,,,,,,,,,,,,,,,,,,,,,,
0,CN(C)C(=O)Oc1ccc[n+](C)c1,,,,,,,,,,,,,,,,,,,,,,,,,,,,,,,
0,Oc1ccc2C[C@@H]3N(CC4CC4)CC[C@]56[C@H](Oc1c25)C(=O)CC[C@]36O,,,,,,,,,,,,,,,,,,,,,,,,,,,,,,,
1,NC(=O)NO,,,,,,,,,,,,,,,,,,,,,,,,,,,,,,,
1,CN(C)CCCN1c2ccccc2CCc3ccc(Cl)cc13,,,,,,,,,,,,,,,,,,,,,,,,,,,,,,,
0,CCCCC[C@H](O)\C=C\[C@@H]1[C@H](O)C[C@@H]2O\C(=C\CCCC(=O)O)\C[C@H]12,,,,,,,,,,,,,,,,,,,,,,,,,,,,,,,
1,C[C@](N)(Cc1ccc(O)c(O)c1)C(=O)O,,,,,,,,,,,,,,,,,,,,,,,,,,,,,,,
0,CCC(=O)NCC[C@@H]1CCc2ccc3OCCc3c12,,,,,,,,,,,,,,,,,,,,,,,,,,,,,,,
0,C[C@@H]1O[C@@H]1P(=O)(O)O,,,,,,,,,,,,,,,,,,,,,,,,,,,,,,,
0,COC(=O)[C@@H]1[C@H]2CC[C@H](C[C@@H]1c3ccc(I)cc3)N2CCCF,,,,,,,,,,,,,,,,,,,,,,,,,,,,,,,
0,NCCO,,,,,,,,,,,,,,,,,,,,,,,,,,,,,,,
0,CC(C)OC(=O)CCC\C=C\C[C@H]1[C@@H](O)C[C@@H](O)[C@@H]1\C=C\[C@@H](O)COc2cccc(c2)C(F)(F)F,,,,,,,,,,,,,,,,,,,,,,,,,,,,,,,
0,CCCCC1=NC2(CCCC2)C(=O)N1Cc3ccc(cc3)c4ccccc4c5nn[nH]n5,,,,,,,,,,,,,,,,,,,,,,,,,,,,,,,
0,O=C(OOC(=O)c1ccccc1)c2ccccc2,,,,,,,,,,,,,,,,,,,,,,,,,,,,,,,
0,CCOC(=O)C1=C(COCCN)NC(=C([C@@H]1c2ccccc2Cl)C(=O)OC)C,,,,,,,,,,,,,,,,,,,,,,,,,,,,,,,
0,C[C@H](C[N+](C)(C)C)OC(=O)N,,,,,,,,,,,,,,,,,,,,,,,,,,,,,,,
0,CN(C)C(=O)Cc1c(nc2ccc(C)cn12)c3ccc(C)cc3,,,,,,,,,,,,,,,,,,,,,,,,,,,,,,,
1,CCOC(=O)[C@H](CCc1ccccc1)N[C@@H](C)C(=O)N2CCC[C@H]2C(=O)O,,,,,,,,,,,,,,,,,,,,,,,,,,,,,,,
1,CC(=O)O[C@H]1Cc2ccccc2N(C(=O)N)c3ccccc13,,,,,,,,,,,,,,,,,,,,,,,,,,,,,,,
0,CN(CCCl)CCCl,,,,,,,,,,,,,,,,,,,,,,,,,,,,,,,
0,COCCCOc1cc(C[C@H](C[C@H](N)[C@@H](O)C[C@@H](C(C)C)C(=O)NCC(C)(C)C(=O)N)C(C)C)ccc1OC,,,,,,,,,,,,,,,,,,,,,,,,,,,,,,,
0,CN(C)CC\C=C\1/c2ccccc2COc3ccc(CC(=O)O)cc13,,,,,,,,,,,,,,,,,,,,,,,,,,,,,,,
0,NCCS,,,,,,,,,,,,,,,,,,,,,,,,,,,,,,,
0,CN1CC[C@]23[C@@H]4Oc5c(O)ccc(C[C@@H]1[C@@H]2C=C[C@@H]4O)c35,,,,,,,,,,,,,,,,,,,,,,,,,,,,,,,
0,C[C@H](O)C(=O)Nc1c(I)c(C(=O)NC(CO)CO)c(I)c(C(=O)NC(CO)CO)c1I,,,,,,,,,,,,,,,,,,,,,,,,,,,,,,,
1,CC(=O)O[C@@]1(CC[C@@H]2[C@@H]3C=C(Cl)C4=CC(=O)[C@@H]5C[C@@H]5[C@@]4(C)[C@@H]3CC[C@]12C)C(=O)C,,,,,,,,,,,,,,,,,,,,,,,,,,,,,,,
0,CC[C@]12CC[C@@H]3[C@H](CCC4=CC(=O)CC[C@H]34)[C@@H]1CC[C@@]2(O)C#C,,,,,,,,,,,,,,,,,,,,,,,,,,,,,,,
0,CCC[C@H](NC(=O)[C@@H]1[C@H]2CCC[C@H]2CN1C(=O)[C@@H](NC(=O)[C@@H](NC(=O)c3cnccn3)C4CCCCC4)C(C)(C)C)C(=O)C(=O)NC5CC5,,,,,,,,,,,,,,,,,,,,,,,,,,,,,,,
1,Nc1nc(F)nc2c1ncn2[C@@H]3O[C@H](CO)[C@H](O)[C@@H]3O,,,,,,,,,,,,,,,,,,,,,,,,,,,,,,,
0,N\C(=N\C(=N\CCCCCC\N=C(/N)\N=C(/N)\Nc1ccc(Cl)cc1)\N)\Nc2ccc(Cl)cc2,,,,,,,,,,,,,,,,,,,,,,,,,,,,,,,
1,CC(C)(S)[C@H](N)C(=O)O,,,,,,,,,,,,,,,,,,,,,,,,,,,,,,,
1,COCc1c(nc(C(C)C)c(\C=C\[C@H](O)C[C@H](O)CC(=O)O)c1c2ccc(F)cc2)C(C)C,,,,,,,,,,,,,,,,,,,,,,,,,,,,,,,
1,CN1CCN(CCCN2c3ccccc3Sc4ccc(Cl)cc24)CC1,,,,,,,,,,,,,,,,,,,,,,,,,,,,,,,
0,CC(C)C(=O)OCC(=O)[C@@]12O[C@@H](O[C@@H]1C[C@H]3[C@@H]4CCC5=CC(=O)C=C[C@]5(C)[C@H]4[C@@H](O)C[C@]23C)C6CCCCC6,,,,,,,,,,,,,,,,,,,,,,,,,,,,,,,
0,Clc1ccc(s1)C(=O)NC[C@@H]2CN(C(=O)O2)c3ccc(cc3)N4CCOCC4=O,,,,,,,,,,,,,,,,,,,,,,,,,,,,,,,
0,CC(=O)Oc1ccccc1C(=O)Nc2ncc(s2)[N+](=O)[O-],,,,,,,,,,,,,,,,,,,,,,,,,,,,,,,
0,C(C1=NCCN1)c2cccc3ccccc23,,,,,,,,,,,,,,,,,,,,,,,,,,,,,,,
0,C[N@+]1(CC2CC2)CC[C@]34[C@H]5Oc6c(O)ccc(C[C@@H]1[C@]3(O)CCC5=O)c46,,,,,,,,,,,,,,,,,,,,,,,,,,,,,,,
1,CO\N=C(/C(=O)N[C@H]1[C@H]2SCC(=C(N2C1=O)C(=O)O)COC(=O)N)\c3occc3,,,,,,,,,,,,,,,,,,,,,,,,,,,,,,,
0,Clc1ccc(CO\N=C(\Cn2ccnc2)/c3ccc(Cl)cc3Cl)c(Cl)c1,,,,,,,,,,,,,,,,,,,,,,,,,,,,,,,
1,CCC[C@@]1(CCc2ccccc2)CC(=C([C@H](CC)c3cccc(c3)N=S(=O)([O-])c4ccc(cn4)C(F)(F)F)C(=O)O1)[O-],,,,,,,,,,,,,,,,,,,,,,,,,,,,,,,
