ServiceAddress,latitude,longitude
36 Tinks Rd,-38.0090214,145.2919016
75 Shrives Rd,-38.0313226,145.2893199
322 Centre Rd,-38.0504057,145.3367224
451 Hardys Rd,-38.1083335,145.3842345
110 Smiths Lane,-38.1062032,145.3787362
4 Panther Cl,-38.0897226,145.3427366
1 - 3 Mattsera Ct,-37.9783948,145.3187464
138 High Street,-38.0456331,145.3638681
27-47 Gloucester Ave,-38.0357626,145.3480625
A'Beckett Road,-37.982148,145.3368146
Bemersyde Dr,-38.0586306,145.3457218
Maramba Dr,-38.0017335,145.2981134
35 Gwendoline Drive,-38.0492266,145.3329815
51 Bridgewater Boulevard,-38.0621117,145.348403
500 Soldiers Road,-38.0853776,145.3642563
2 Parker St,-38.0696467,145.4114558
399-401 Centre Rd,-38.0499507,145.3315994
"Pakenham Hills Primary School, 15 Kennedy Rd",-38.0614599,145.4952289
2 Worthington Bvd,-38.0605292,145.4441557
19 Beldale Court,-38.0147106,145.321753
25 Gwendoline Drive,-38.0480149,145.3342483
8-12 O'Neil Rd,-38.0528014,145.3796636
6 Stella Street,-38.0456689,145.3690935
56-60 Edrington Park Drive,-38.0399619,145.3595093
Bayview Rd,-38.0555962,145.4059505
500 Soldiers Rd,-38.0853776,145.3642563
56 ARMY RD,-38.063711,145.496604
6-8 Meadow Walk,-38.0236428,145.3007947
13 Oroya Grove,-38.1316381,145.3262368
7 Campanella Ave,-38.069247,145.4031376
136 Princes Highway,-38.0694378,145.4745019
45 Haflinger Ave,-38.1075537,145.32068
95 Majestic Dr,-38.0624737,145.4328328
"Officer Specialist School, 3 Parker St",-38.0720154,145.4124468
15s Australorp Dr,-38.0974859,145.3322932
297 Pink Hill Bvd,-38.0550725,145.3971162
7 Village Way,-38.0736336,145.4376541
1-5 Cheviot Ave,-38.0491032,145.341569
292 Pound Road,-38.0479529,145.2969524
159-167 Fleetwood Dr,-38.0428557,145.3189598
336 Pound Road,-38.0479275,145.2965779
11 Oroya Grove,-38.1324972,145.3275273
16 Bayview Rd,-38.0578404,145.4056892
19 Keighery Dr,-38.1114577,145.3471579
27 Tivendale Rd,-38.0575608,145.4103228
1-3 Selandra Boulevard,-38.1162186,145.3234866
16 Scanlan Street,-38.0330854,145.3528755
2405 Ballarto Rd,-38.1453558,145.4238759
20s Eliston Avenue,-38.1221385,145.3317645
280-282 Belgrave-Hallam Rd,-37.9853906,145.31134
36-38 Victoria Rd,-38.0065128,145.2969468
12 SCHOLTZ DR,-38.1047192,145.3782377
3 MERRIBROOK BVD,-38.1221428,145.3518486
62 Rix Rd,-38.0663821,145.4022665
84 Toomuc Valley Rd,-38.0570888,145.4668789
25 Ferdinand Dr,-38.0820782,145.3739133
20 Alphey Rd,-38.1103809,145.3364315
61-67 Golf Links Rd,-38.044638,145.3343257
5 Livingstone Bvd,-38.0850852,145.4694631
45 Bridgewater Boulevard,-38.0659301,145.3468818
1 Ryan Road,-38.0663519,145.5160706
500 Soldiers Road,-38.0853776,145.3642563
9 Gateway Ave,-38.0770308,145.4408309
66 Starling Rd,-38.0547025,145.4187623
16 Playwright St,-38.1221764,145.3701371
138 High Street,-38.0456331,145.3638681
11-17 Woods St,-38.0458353,145.3672208
27 Main Street,-38.0749302,145.4784889
454 Princes Highway,-38.0611238,145.4127921
8 Upton Dr,-38.0560002,145.3980973
236-238 Cranbourne Rd,-38.0439159,145.3034612
56a Harkaway Rd,-38.0251712,145.3470256
9a Dunbarton Drive,-38.0721594,145.4986508
2 Rundell Way,-38.066096,145.4652753
34 London Cres,-37.9967914,145.3100214
45i Valetta Street,-38.1315406,145.3281122
451 BROWN RD,-38.0490641,145.4229196
40 WILD GOOSE WAY,-38.1109524,145.3654318
60 Macumba Drive,-38.0829287,145.3521465
10 KENNETH RD,-38.055695,145.4481331
2 Roderick Drive,-38.0559078,145.4468059
62 RIX RD,-38.0663821,145.4022665
20 Vantage Ave,-38.1035911,145.3236368
"Pakenham Primary School, 50 Atlantic Dr",-38.0647309,145.5097959
1 Capra Ct,-37.9851895,145.2776838
4 Rebound Court,-38.0271974,145.3054008
Mansfield Street,-38.032739,145.3405289
4-12 The Avenue,-38.0575575,145.314582
43 Princes Hwy,-38.0720451,145.482039
34S Thoroughbred Drive,-38.1194332,145.3371563
33-35 James St,-38.0757598,145.4813354
67 Tivendale Rd,-38.0538781,145.4103382
75 Station Street,-38.0798508,145.4871889
22 Bayview Rd,-38.0572977,145.4057878
46 Fairweather Pde,-38.0605343,145.3970077
90S Green Gully Rd,-38.120091,145.3235201
40 Fairweather Pde,-38.0586698,145.3952684
95 Army Road,-38.06002,145.4966293
2 Olympic Way,-38.0637489,145.4564015
Bluehills Boulevard,-38.0859483,145.4603959
22-24 Howell Dr,-38.0300855,145.3608493
10 Verdun Drive,-38.024579,145.3122975
11-13 Wakenshaw Cres,-38.0759742,145.4738319
2-16 Calgary Way,-38.081201,145.3733523
80s Thoroughbred Dr,-38.1194332,145.3371563
17 WELSUMMER DR,-38.103931,145.3329967
"Kurrun Primary School, 22 Allsburg Ave",-38.0701251,145.4039589
559-561 Princes Hwy,-38.0281125,145.3173711
2 Pink Hill Bvd,-38.0534183,145.3796048
103-129 Oakgrove Dr,-38.0557036,145.2976917
2 Ernst Wanke Road,-37.9962385,145.3110661
The Promenade,-38.0610905,145.3110485
115 Bridge Rd,-38.0697328,145.413523
54 AMHURST DR,-38.0709209,145.2946903
1 GRANTCHESTER RD,-37.9882846,145.2975101
451 HARDYS RD,-38.1083335,145.3842345
1 MacKillop Way,-38.1171233,145.3191294
145 Henry Rd,-38.0767757,145.4418138
44 Parkhill Dr,-38.0149416,145.3237701
150-152 Princes Highway,-38.0646278,145.5264139
Lyle Ave,-38.0486783,145.3711836
Livingstone Boulevard,-38.0814062,145.4611272
25 Shearwater Drive,-38.0684711,145.4379988
Tivendale Road,-38.0573765,145.4105782
"18 Golden Green Street,",-38.0719922,145.4391912
2-6 Princes Hwy,-38.0716768,145.4886207
8 Winters Lane,-37.9795486,145.3162315
20-26 Parkhill Dr,-38.0259668,145.3255248
12 Sylvanwood Crescent,-38.0073345,145.2942065
11 Mansfield Street,-38.0328607,145.3402301
413-415 Princes Hwy,-38.021863,145.2995879
26 Bemersyde Drive,-38.0513916,145.3472183
2-8 Josephine Ave,-38.0043807,145.3038788
1A Fleetwood Drive,-38.0397229,145.304731
19-23 Rozzy Pde,-38.0058731,145.3159202
2 Gibb Street,-38.0345271,145.3432401
10-12 Warrawong Dr,-38.0171225,145.3245502
102 Anaconda Road,-38.001616,145.3049318
21-23 Sherwood Rd,-38.0616991,145.2857559
5 Portobello Road,-38.0644023,145.4553364
20 Sherwood Road,-38.0621833,145.286989
73 Ridgemont Drive,-38.0695987,145.3377332
20 College Dr,-38.0510588,145.3005358
"Clyde Creek Primary School, 40 Eliston Ave",-38.1223246,145.3304365
4 Merlot Rd,-38.0599541,145.4563071
17 Cranbourne Rd,-38.0309243,145.3053971
45 DODSON RD,-38.0627127,145.3894864
2-6 BEACONHILL DR,-38.0515686,145.381232
22 Curran Dr,-38.0659616,145.4352785
97 Fleetwood Dr,-38.0402512,145.3169612
2 Henty Way,-38.0725,145.4717
1-3 Michelle Dr,-38.0555336,145.3362148
60-62 Ridgemont Dr,-38.069367,145.3392141
2-4 Amberly Park Dr,-38.0499613,145.2846943
58 Elida Crescent,-38.0544805,145.2985494
3 Irving Road,-38.0667682,145.4856907
2-8 Windsor Dr,-38.0562846,145.3854378
2 Portobello Rd,-38.0646586,145.4561176
555 Ramlegh Boulevard,-38.1163344,145.3400117
29-35 Rhynhurst St,-38.0771707,145.3513138
36 Heritage Dr,-38.0645619,145.3147267
5 Damon Street,-38.0650638,145.4351038
61 Matterhorn Dr,-38.0947819,145.3424875
37 Fairholme Bvd,-38.0454164,145.3536936
159-197 Parkhill Dr,-38.0159817,145.3207126
14 Main St,-38.0727099,145.4768663
2 Foxborough Gld,-37.995342,145.3048659
75 WELSUMMER DR,-38.1018349,145.3380453
82 THE PROMENADE,-38.0653262,145.3082867
154 DRYSDALE AV,-37.9910357,145.2919001
11 STATION ST,-38.0615428,145.4101358
4 Dorning Road,-37.9589172,145.3773732
585 Bald Hill Road,-38.0942585,145.5481206
20-40 Amberly Park Dr,-38.0449807,145.2904039
30-32 Peel St,-38.0299487,145.3517698
51 The Strand,-38.0693278,145.3009198
92 Kangan Dr,-38.0476101,145.35467
10 Atlantic Drive,-38.0639766,145.5087517
115 Bridge Road,-38.0697328,145.413523
3 Atlantic Dr,-38.0638376,145.5081766
500 Soldiers Rd,-38.0853776,145.3642563
65 - 67 King Road,-38.0017612,145.3451398
79-93 Kurrajong Rd,-38.0071399,145.3153909
40s Bellavita Ave,-38.1305725,145.3660972
333w Centre Rd,-38.0496389,145.3177988
1s Cornhill Rd,-38.1181193,145.3296451
291 Pink Hill Boulevard,-38.0538309,145.3966219
90 Brunt Road,-38.0646556,145.3873602
6 Parker St,-38.069824,145.4111607
193 Soldiers Rd,-38.0772504,145.3626699
141 Henry Road,-38.077815,145.4413568
